id,hasProblem,avgCycle,lanes,avgTimes
1089668757,False,45,"['-537607366_2', 'gneE696.66_0', 'gneE696.66_1', '-370826209.583_2', '428246473_1', '-537607366_1', '-370826209.583_1', '428246473_2']","[10.0, 10.0, 10.0, 10.0, 18.0, 10.0, 10.0, 5.0]"
1125210193,False,48,"['-340061579_1', '427907033_1', '-340061579_2', '427907033_0', '427907030_2', '427907030_1']","[19.0, 20.0, 19.0, 20.0, 49.0, 49.0]"
1173906871,False,87,"['370826214#2_1', '-428246473_0', '-428246473_2', '370826214#2_2', '452336725#8_0', '-428246473_1', '370826214#2_0']","[38.0, 76.0, 38.0, 38.0, 38.0, 38.0, 38.0]"
1178349141,False,87,"['462696736#1_1', ':1178349141_w1_0', '462696736#1_3', '-354215257#1_2', ':1178349141_w0_0', ':1178349141_w3_0', '-354215257#1_1', '462696736#1_2', '543950129#0_2', '-240841284#1_1', '543950129#0_1', ':1178349141_w2_0']","[54.0, 54.0, 54.0, 54.0, 25.0, 54.0, 54.0, 54.0, 25.0, 25.0, 25.0, 25.0]"
1487927522,False,61,"['-290771881_1', '-667052572_1', '-357012704.20_2', '-357012704.20_1', 'E2.37_1', '-290771881_0', 'E2.37_2']","[9.0, 9.0, 32.0, 33.0, 33.0, 9.0, 32.0]"
1487927529,False,48,"['-102917976#0_2', '-102917976#0_1', '102758039_1', ':1487927529_w1_0', '102758039_2']","[10.0, 10.0, 23.0, 7.0, 7.0]"
1565882716,False,52,"['-213928768#0_2', '531870054_2', '-213928768#0_1', '-286940847_1', '-564742533#1_1', '-286940847_0', ':1565882716_w0_0']","[32.0, 32.0, 32.0, 32.0, 32.0, 32.0, 27.0]"
1692270811,False,53,"['-127697550#0_2', '-127697550#0_1', '158143939_0', '158143939_1', '621378266#1_1', '621378266#1_2', ':1692270811_w0_0', '621378266#1_3', '-127697550#0_3', '158143939_2']","[15.0, 15.0, 19.0, 6.0, 7.0, 7.0, 0.0, 7.0, 15.0, 6.0]"
1801209605,False,24,"[':1801209605_w0_0', '-428246478_1', '-8044215#0_1', ':1801209605_w1_0', '623761323_1', ':1801209605_w2_0', ':1801209605_w3_0', '-428246469_2', '-428246469_3', '623761323_2', '-428246478_3', '-428246469_1', '-428246478_2']","[7.0, 6.0, 7.0, 6.0, 7.0, 7.0, 6.0, 6.0, 6.0, 7.0, 6.0, 6.0, 6.0]"
1884382810,False,54,"[':1884382810_w4_0', '458058812.29_1', '534549105#4.101_2', '534549105#4.101_3', ':1884382810_w0_0', '458058812.29_2', ':1884382810_w3_0', '534549105#4.101_1', '534549105#4.101_4', ':1884382810_w2_0']","[23.0, 23.0, 22.0, 22.0, 0, 45.0, 22.0, 22.0, 22.0, 23.0]"
1926509619,False,48,"['635483970.81_0', 'gneE706_1', '-307511472#0_1', '635483970.81_1', ':1926509619_w0_0', '537661114_1', ':1926509619_w1_0', '537661114_2']","[44.0, 14.0, 14.0, 44.0, 40.0, 44.0, 9.0, 44.0]"
2037272672,False,39,"['428244923_2', '531939331_2', ':2037272672_w0_0', '671471376_0', '671471376_1', '531939331_1', '428244923_1']","[15.0, 7.0, 0, 15.0, 15.0, 7.0, 15.0]"
2053744124,False,87,"['gneE176.66_1', 'gneE176.66_2', 'gneE237_2', ':2053744124_w1_0', ':2053744124_w3_0', ':2053744124_w2_0', 'gneE237_1', 'gneE274_1', ':2053744124_w0_0', 'gneE274_2']","[54.0, 54.0, 25.0, 54.0, 54.0, 25.0, 25.0, 54.0, 25.0, 54.0]"
2053744131,False,87,"['428243311#0_4', '428243311#0_1', '428243311#0_3', '428243311#0_2']","[80.0, 80.0, 80.0, 80.0]"
2062150190,False,34,"['332946371#0_2', '332946371#0_1', ':2062150190_w1_0', '332946371#0_3']","[6.0, 6.0, 6.0, 6.0]"
244420124,False,59,"['pseudoMercer1_0', 'pseudoMercer1_1']","[29.0, 29.0]"
244420222,False,59,['22768208_0'],[29.0]
2476726095,False,25,"['gneE483_1', 'gneE483_2', ':2476726095_w0_0', '371427803#4_2', '371427803#4_1', '-239900325#0_0']","[7.0, 7.0, 7.0, 7.0, 7.0, 0]"
2481926130,False,40,"['580426496#0.82_4', ':cluster_2481926130_2481926135_w2_0', ':cluster_2481926130_2481926135_w1_0', '371267131#2_2', ':cluster_2481926130_2481926135_w0_0', ':cluster_2481926130_2481926135_w5_0', '580426496#0.82_5', ':cluster_2481926130_2481926135_w3_0', '371267131#2_3', '130308594#0_1', ':cluster_2481926130_2481926135_w4_0', '371267131#2_1', '580426496#0.82_3', '580426496#0.82_2', '580426496#0.82_1']","[15.0, 6.0, 15.0, 6.0, 6.0, 15.0, 15.0, 6.0, 6.0, 6.0, 15.0, 6.0, 15.0, 15.0, 15.0]"
2481938316,False,109,"['360390221#0_2', '623957672#2_1', ':2481938316_w1_0', ':2481938316_w0_0', '360390221#0_1', ':2481938316_w3_0', '-339831624_1', ':2481938316_w2_0', '623957672#2_3', '-339831624_2', '623957672#2_4', '623957672#2_2']","[19.0, 41.0, 54.0, 41.0, 19.0, 19.0, 54.0, 41.0, 41.0, 30.0, 41.0, 41.0]"
2511119226,False,87,"[':2511119226_w2_0', '-369952412#1_1', '466211471#0_1', '-369952412#1_2', ':2511119226_w0_0', ':2511119226_w1_0', '466211471#0_2']","[75.0, 75.0, 75.0, 75.0, 4.0, 4.0, 75.0]"
2524926759,False,33,"['332949669#0_1', '-332949668_1', '245265271#0_0', '332949669#0_2', '-332949668_2']","[41.0, 41.0, 19.0, 41.0, 41.0]"
2706253346,False,87,"['6499326#3_1', ':2706253346_w0_0', ':2706253346_w3_0', ':2706253346_w1_0', ':2706253346_w2_0', '-6499326#4_1', '-369922295#4_1', '369922295#2_1']","[40.0, 36.0, 36.0, 36.0, 36.0, 40.0, 40.0, 40.0]"
2706300474,False,52,"['428088900#0_2', '428088900#0_1', '-6341066#2_1', '-433500388_1', ':2706300474_w1_0', ':2706300474_w2_0', '369877024#3_1', ':2706300474_w3_0']","[20.0, 13.0, 6.0, 26.0, 14.0, 6.0, 6.0, 19.0]"
2906119379,False,43,"[':cluster_2906119379_4270742185_w1_0', ':cluster_2906119379_4270742185_w0_0', '-427909661.164_1', '-427909661.164_0', '290771882_1', '-E2_1', '-E2_2', '290771882_2', '-102917977_1', '-102917977_2']","[15.0, 29.0, 43.0, 40.0, 34.0, 19.0, 19.0, 34.0, 19.0, 19.0]"
2906119381,False,29,"['-290771883_0', '-290771883_1', '357012705_1', '-290771991_2', '-290771991_1', ':2906119381_w1_0']","[13.0, 13.0, 17.0, 6.0, 6.0, 0]"
30003684,False,48,"['360589212#1_0', '573622538_1', ':30003684_w1_0', '360589212#1_2', '360589212#1_1', '360589208_2', '573622538_2', '360589208_1', ':30003684_w0_0']","[33.0, 10.0, 10.0, 33.0, 33.0, 33.0, 10.0, 33.0, 33.0]"
30003796,False,72,"[':30003796_w3_0', '-427914145#0_4', '427914163_2', '427914163_3', '427914314_4', '427914314_2', '-286940848#0_1', '-427914145#0_3', '-286940848#0_3', '427914314_3', '427914314_1', '427914163_4', '-427914145#0_2', ':30003796_w2_0', '-286940848#0_2', ':30003796_w1_0', '427914163_1', '-427914145#0_1', ':30003796_w0_0']","[16.0, 13.0, 15.0, 15.0, 4.0, 7.0, 21.0, 13.0, 10.0, 7.0, 21.0, 4.0, 16.0, 15.0, 21.0, 7.0, 15.0, 16.0, 21.0]"
30079057,False,61,"['163419181#1_2', '428237371_0', '58560464#0_1', ':30079057_w1_0', '393047812_1', '163419181#1_1', '393047812_0', '428237371_1', '58560464#0_0']","[10.0, 20.0, 20.0, 40.0, 10.0, 10.0, 10.0, 20.0, 20.0]"
30279697,False,72,"[':30279697_w4_0', '6410178#2_1', '37551510#0.96_2', ':30279697_w2_0', ':30279697_w0_0', '37551510#0.96_1', ':30279697_w1_0', '37551510#0.96_3', ':30279697_w3_0', '6410178#2_3', '6410178#2_2', '56178982_0', '56178982_1']","[6.0, 6.0, 6.0, 17.0, 6.0, 6.0, 17.0, 6.0, 17.0, 6.0, 6.0, 7.0, 7.0]"
30343857,True,3600,"['-6444537_2', ':30343857_w2_0', '235036846#1_2', ':30343857_w0_0', '235036846#1_1', ':30343857_w1_0', '88999331#3_2', '-6444537_1', '88999331#3_1']","[37.0, 5.0, 37.0, 37.0, 74.0, 37.0, 37.0, 37.0, 37.0]"
30345078,False,36,"[':30345078_w0_0', '621378264#2_3', ':30345078_w2_0', '-6433848#1_2', ':30345078_w3_0', '621378264#2_1', '621378264#2_2', '-6433848#1_1', ':30345078_w1_0']","[0, 6.0, 0, 7.0, 7.0, 6.0, 6.0, 7.0, 7.0]"
30345319,False,97,"['395928755#0_2', '508340468#3_1', '-256993082#3_1', ':30345319_w2_0', ':30345319_w3_0', ':30345319_w1_0', '395928757_2', '395928757_1', '395928755#0_1']","[65.0, 22.0, 22.0, 22.0, 65.0, 65.0, 65.0, 65.0, 65.0]"
30345462,False,45,"['332962229#1_2', ':30345462_w0_0', ':30345462_w3_0', '615425392#0_1', '332962229#1_1', '615425392#0_2', '332962229#1_3', ':30345462_w2_0', 'gneE758_0', 'gneE758_1', ':30345462_w4_0']","[5.0, 13.0, 27.0, 18.0, 5.0, 10.0, 5.0, 5.0, 4.0, 4.0, 26.0]"
3153558838,True,3600,"['gneE454_3', '-120632616#0_3', '-120632616#0_1', '-120632616#0_2', 'gneE454_1', 'gneE450_2', 'gneE450_1', 'gneE452_2', 'gneE454_2', 'gneE452_1']","[7.0, 0, 7.0, 7.0, 0, 0, 0, 7.0, 0, 0]"
3618304999,False,38,"['428248101#0_1', '428248109#0_1', ':3618304999_w1_0', ':3618304999_w3_0', ':3618304999_w0_0', '428248109#0_3', ':3618304999_w2_0', '428248101#0_2', '428248109#0_2', '428248101#0_3']","[17.0, 6.0, 7.0, 17.0, 6.0, 6.0, 6.0, 17.0, 6.0, 17.0]"
3624081878,False,42,"['-102758039_0', '-427914166#0_1', '-102758039_1', ':3624081878_w1_0', ':3624081878_w2_0', '357012704_2', '-427914166#0_2', '357012704_3', '357012704_1']","[21.0, 6.0, 4.0, 4.0, 0, 15.0, 6.0, 23.0, 15.0]"
3668981707,False,31,"[':3668981707_w2_0', '-179222050#2_1', ':3668981707_w0_0', '-512062503#0_2', ':3668981707_c0_0', '585843630#6_2', '585843630#6_1', ':3668981707_c1_0', '-512062503#0_1', ':3668981707_c2_0', ':3668981707_w3_0']","[7.0, 7.0, 7.0, 10.0, 0, 10.0, 10.0, 0, 10.0, 0, 17.0]"
3669043686,True,3600,"['428248103#0_2', ':3669043686_w0_0', '428248103#0_1', '428248103#0_3']","[77.0, 77.0, 77.0, 77.0]"
3721753772,False,87,"['gneE160_4', ':3721753772_w1_0', ':3721753772_w0_0', 'gneE160_3', ':3721753772_w2_0', 'gneE160_2', 'gneE324_1', 'gneE160_1']","[41.0, 37.0, 36.0, 41.0, 36.0, 41.0, 40.0, 41.0]"
3798496987,False,92,"['-353690158#1_2', '532166310#0_1', '428088897_1', '-428088894_2', '-428088894_1', ':cluster_3798496987_53073247_w2_0', ':cluster_3798496987_53073247_w1_0', '-353690158#1_1', '532166310#0_2', ':cluster_3798496987_53073247_w3_0', ':cluster_3798496987_53073247_w0_0', '428088897_2', '-428088894_3']","[7.0, 7.0, 11.0, 18.0, 25.0, 7.0, 12.0, 7.0, 7.0, 18.0, 7.0, 4.0, 10.0]"
3798496990,False,87,"['gneE395_1', 'gneE398_2', ':3798496990_w1_0', 'gneE400_2', 'gneE400_1', 'gneE394_1', ':3798496990_w2_0', ':3798496990_w0_0', ':3798496990_w4_0', ':3798496990_w3_0', 'gneE395_2', 'gneE398_1']","[35.0, 42.0, 35.0, 42.0, 42.0, 35.0, 42.0, 42.0, 35.0, 35.0, 35.0, 42.0]"
3916774509,False,47,"[':cluster_3916774509_gneJ449_w2_0', '-635485881#1_1', '-635485881#1_2', 'gneE42_1', 'gneE44.52_0', 'gneE44.52_1', 'gneE144_1', 'gneE144_2', ':cluster_3916774509_gneJ449_w0_0', ':cluster_3916774509_gneJ449_w1_0', ':cluster_3916774509_gneJ449_w3_0']","[37.0, 42.0, 42.0, 42.0, 41.0, 41.0, 41.0, 41.0, 37.0, 37.0, 37.0]"
4032154590,False,45,"['452330584_1', ':4032154590_w1_0', '22760467#2_1', ':4032154590_w2_0', '22760467#2_3', ':4032154590_w3_0', '203076542#1_2', '203076542#1_1', ':4032154590_w4_0', '203076542#1_3', ':4032154590_w0_0', '22760467#2_2']","[15.0, 11.0, 4.0, 4.0, 4.0, 4.0, 4.0, 4.0, 23.0, 4.0, 23.0, 4.0]"
4163983439,True,3600,"['14212662#1_1', '-14212662#3_1', 'gneE739_0', '14212662#1_2', '-14212662#3_2']","[0, 0, 0, 0, 0]"
4273733662,False,40,"['-428245585.51_3', 'gneE449_1', 'gneE449_3', ':4273733662_w0_0', 'gneE732_2', '-428245585.51_2', ':4273733662_w1_0', 'gneE449_2', 'gneE732_1', '-428245585.51_1']","[7.0, 7.0, 7.0, 6.0, 6.0, 7.0, 7.0, 7.0, 6.0, 7.0]"
5076204139,False,87,"[':5076204139_w0_0', 'gneE408_4', 'gneE408_2', ':5076204139_w3_0', 'gneE408_3', 'gneE402_2', ':5076204139_w1_0', ':5076204139_w2_0', 'gneE408_1', '23866838_2', 'gneE402_1', '23866838_1']","[47.0, 47.0, 47.0, 32.0, 47.0, 22.0, 22.0, 47.0, 47.0, 32.0, 32.0, 32.0]"
5273265168,False,37,"['gneE238_2', ':5273265168_w1_0', 'gneE238_1', 'gneE152_2', 'gneE238_3', 'gneE152_1', ':5273265168_w2_0', 'gneE149_1', 'gneE238_4', ':5273265168_w0_0', ':5273265168_w3_0']","[14.0, 6.0, 14.0, 7.0, 14.0, 7.0, 7.0, 7.0, 5.0, 7.0, 14.0]"
5273270316,False,38,"['gneE496_1', ':5273270316_w1_0', ':5273270316_w0_0', '428230582#2.39_3', 'gneE89_1', '428230582#2.39_2', ':5273270316_w2_0', '428230582#2.39_1', ':5273270316_w3_0', '428230582#2.39_4']","[7.0, 7.0, 7.0, 15.0, 7.0, 15.0, 7.0, 15.0, 15.0, 5.0]"
53008649,True,3600,"[':53008649_w0_0', '428222836_1', '-428342325_2', '-428342325_1', '-6325234#1_1', '-6325234#1_0', '428222836_3', '428222836_4', '428222836_2', ':53008649_w1_0']","[38.0, 0, 38.0, 38.0, 0, 38.0, 38.0, 38.0, 38.0, 38.0]"
53017297,False,90,"['462696717#1_3', '462696717#1_1', '-534545516#1_2', '462696717#1_2', 'gneE286_2', '-534545516#1_1', ':53017297_w1_0', 'gneE286_1', ':53017297_w2_0', ':53017297_w0_0']","[61.0, 61.0, 61.0, 61.0, 19.0, 61.0, 61.0, 19.0, 19.0, 19.0]"
53018668,False,35,"['635483971_2', 'gneE143_2', 'gneE146_1', '635483971_1', ':53018668_w1_0', 'gneE146_2', 'gneE143_1', ':53018668_w3_0', ':53018668_w0_0']","[42.0, 42.0, 42.0, 42.0, 37.0, 42.0, 42.0, 37.0, 37.0]"
53029620,True,3600,"['332964061_2', '332964063_2', '-428246477_1', '-428246477_2', '332964061_1', '332964063_1', '-428246477_0', '332964063_3']","[84.0, 38.0, 38.0, 47.0, 38.0, 38.0, 75.0, 38.0]"
53031395,True,3600,"['264828727#0_2', '332168309.62_3', '332168309.62_2', ':53031395_w3_0', ':53031395_w0_0', ':53031395_w1_0', '-264828727#1_1', '264828727#0_1', '-264828727#1_2', '-466211471#0_1', '-466211471#0_2', '332168309.62_1', ':53031395_w2_0']","[32.0, 0, 0, 32.0, 32.0, 32.0, 32.0, 0, 32.0, 0, 0, 32.0, 32.0]"
53036746,False,25,"['-371427803#6_2', '371427803#3_1', '371427803#3_2', ':53036746_w0_0', '-371427803#6_1', '-6332135#3_0']","[7.0, 7.0, 7.0, 7.0, 7.0, 0]"
53045786,False,62,"[':53045786_w0_0', ':53045786_c2_0', '240874276#3_1', '532223320_2', '240874276#3_2', '532223320_1', '240874276#3_3', ':53045786_c1_0', ':53045786_c0_0', ':53045786_w1_0', ':53045786_w3_0', '532223320_0']","[0, 0, 15.0, 7.0, 7.0, 7.0, 7.0, 15.0, 15.0, 7.0, 0, 7.0]"
53068790,False,87,"['6475815#5_1', ':53068790_w0_0', ':53068790_w2_0', '6343890_2', '6343890_1', '-462700211_1']","[40.0, 36.0, 36.0, 40.0, 40.0, 40.0]"
53068795,True,3600,"[':53068795_w2_0', ':53068795_w1_0', '-332601014#8_1', ':53068795_w3_0', ':53068795_w0_0', '65588105#3_1', '-607691081#0_1', '332601014#7_1']","[37.0, 37.0, 37.0, 37.0, 37.0, 37.0, 0, 0]"
53070134,False,69,"['163419184#5_2', '-163419184#8_2', ':53070134_w3_0', '293623345#2_1', ':53070134_w2_0', '105821359#2_1', ':53070134_w1_0', '163419184#5_1', ':53070134_w0_0', '-163419184#8_1']","[41.0, 41.0, 41.0, 19.0, 19.0, 19.0, 41.0, 41.0, 19.0, 41.0]"
53070135,False,69,"['533145514#1_1', ':53070135_w0_0', '215869727#2_2', '215869727#2_1', ':53070135_w3_0', ':53070135_w2_0', ':53070135_w1_0']","[18.0, 18.0, 42.0, 42.0, 42.0, 18.0, 42.0]"
53070136,False,69,"['462696721#1_1', ':53070136_w2_0', ':53070136_w0_0', '533145513#1_1', ':53070136_w1_0', '-370819890#0_1', '-370819890#0_2', ':53070136_w3_0', '462696721#1_2']","[44.0, 16.0, 16.0, 16.0, 44.0, 44.0, 44.0, 44.0, 44.0]"
53070138,False,69,"['8045788#2_2', '8045788#2_3', '8045788#2_1', '462696726#1_1', ':53070138_w3_0', '8045788#2_4', ':53070138_w0_0', ':53070138_w2_0', ':53070138_w1_0']","[37.0, 37.0, 37.0, 23.0, 37.0, 37.0, 23.0, 23.0, 37.0]"
53070139,False,69,"['534549104#4_1', '534549104#4_2', ':53070139_w0_0', '458058810_3', '458058810_2', ':53070139_w2_0', ':53070139_w3_0', ':53070139_w1_0', '458058810_1']","[23.0, 23.0, 23.0, 37.0, 37.0, 23.0, 37.0, 37.0, 37.0]"
53070140,False,69,"['534549105#3_3', '534549105#3_1', '534549104#1_2', ':53070140_w2_0', ':53070140_w3_0', '534549104#1_1', ':53070140_w1_0', '534549105#3_2', ':53070140_w0_0']","[27.0, 27.0, 32.0, 32.0, 27.0, 32.0, 27.0, 27.0, 32.0]"
53070142,True,3600,"['163419191#1_2', '-391421595_1', ':53070142_w3_0', '163419191#1_1', ':53070142_w2_0', '462696727#1_2', ':53070142_w0_0', '462696727#1_1', ':53070142_w1_0']","[0, 0, 37.0, 0, 37.0, 0, 37.0, 0, 0]"
53070146,False,35,"['391470503#0_1', '548492231_1', '-490208227#1_1', ':53070146_w3_0', '548492231_2', ':53070146_w2_0', ':53070146_w1_0', '391470503#0_2', ':53070146_w0_0', '-22927960#1_1', '-490208227#1_2']","[6.0, 7.0, 7.0, 7.0, 7.0, 6.0, 7.0, 6.0, 6.0, 6.0, 7.0]"
53070500,False,87,"[':53070500_w0_0', 'gneE305_2', '-22760470#0_1', 'gneE306_1', '37551508_1', 'gneE305_1', ':53070500_w2_0', ':53070500_w1_0', ':53070500_w3_0']","[42.0, 26.0, 26.0, 26.0, 26.0, 26.0, 21.0, 43.0, 43.0]"
53070502,False,85,"[':53070502_w1_0', '263674374#0_2', '452336726#0_1', ':53070502_w0_0', '263674374#0_3', '263674374#0_1', ':53070502_w3_0']","[30.0, 50.0, 30.0, 45.0, 50.0, 50.0, 30.0]"
53070503,False,38,"['452336727#3_2', '6439301#2_3', ':53070503_w2_0', ':53070503_w0_0', '452336727#3_1', ':53070503_w1_0', '6439301#2_2', '6439301#2_1', ':53070503_w3_0']","[7.0, 6.0, 0, 15.0, 7.0, 4.0, 6.0, 15.0, 7.0]"
53070504,False,87,"[':53070504_w1_0', '428087144#2_3', '428087144#2_4', '428087144#2_1', '240576145#3_2', '428087144#2_2', ':53070504_w0_0', '240576145#3_1', ':53070504_w2_0', ':53070504_w3_0']","[21.0, 58.0, 58.0, 58.0, 21.0, 58.0, 58.0, 21.0, 58.0, 21.0]"
53070505,False,87,"[':53070505_w2_0', '22927963#2_1', ':53070505_w0_0', ':53070505_w1_0', '240576145#0_1', ':53070505_w3_0', '-22927963#5_1', '22927963#2_2', '240576145#0_2']","[54.0, 54.0, 54.0, 25.0, 25.0, 25.0, 54.0, 54.0, 25.0]"
53070509,False,94,"[':53070509_w0_0', '399134517#2_2', '-22768013#1_1', '-341643487#4_1', ':53070509_w3_0', '337671936#0_1', '337671936#0_2', '399134517#2_1', ':53070509_w2_0', ':53070509_w1_0']","[0, 55.0, 55.0, 31.0, 55.0, 31.0, 31.0, 55.0, 31.0, 55.0]"
53070522,False,60,"['460419026#2_1', '-169511255#1_1', '460419023#0_1', ':53070522_w2_0', ':53070522_w0_0', '51817330#5_1', '460419026#2_2', ':53070522_w1_0', ':53070522_w3_0', '51817330#5_2']","[7.0, 7.0, 15.0, 7.0, 7.0, 7.0, 7.0, 15.0, 7.0, 7.0]"
53070531,False,97,"['gneE558_1', 'gneE556_1', ':53070531_w3_0', 'gneE562_2', 'gneE562_3', 'gneE560_1', ':53070531_w1_0', ':53070531_w2_0', 'gneE562_1', 'gneE560_2', ':53070531_w0_0']","[31.0, 31.0, 31.0, 58.0, 58.0, 58.0, 31.0, 58.0, 58.0, 58.0, 58.0]"
53070534,False,59,"['gneE514_1', ':53070534_w2_0', ':53070534_w0_0', 'gneE509_1', 'gneE516_1', ':53070534_w1_0', 'gneE512_2', 'gneE512_1', ':53070534_w3_0']","[21.0, 29.0, 29.0, 29.0, 21.0, 21.0, 29.0, 29.0, 21.0]"
53071656,True,3600,"[':53071656_w2_0', ':53071656_w1_0', '-548492030#1_1', '-548492030#1_2', '338863385#3_2', '338863385#3_1', ':53071656_w0_0', '22927955#2_1', ':53071656_w3_0']","[0, 0, 37.0, 37.0, 0, 37.0, 37.0, 37.0, 37.0]"
53071891,False,150,"['gneE105.70_2', ':53071891_w4_0', 'gneE498_2', ':53071891_w1_0', ':53071891_w3_0', ':53071891_w2_0', 'gneE173_2', 'gneE173_1', ':53071891_w0_0', 'gneE105.70_1', 'gneE171_2', 'gneE171_1', 'gneE498_1']","[91.0, 29.0, 91.0, 29.0, 123.0, 113.0, 29.0, 29.0, 91.0, 113.0, 19.0, 19.0, 91.0]"
53071908,False,51,"['-425646004#4_1', ':53071908_w0_0', '-6345104#3_1', ':53071908_w2_0', '263671504#0_1', ':53071908_w1_0']","[7.0, 17.0, 6.0, 17.0, 7.0, 17.0]"
53072273,False,87,"['622569804#0_1', ':53072273_w3_0', '240575238#0_3', ':53072273_w1_0', '240575238#0_2', '622569804#0_2', '622569804#0_3', ':53072273_w2_0', ':53072273_w0_0', '240575238#0_1']","[32.0, 47.0, 47.0, 47.0, 47.0, 32.0, 32.0, 32.0, 32.0, 47.0]"
53072274,True,3600,"['391421571#6_2', '593523758#2_3', '593523758#2_2', '391421571#6_1', '593523758#2_1', ':53072274_w2_0', ':53072274_w3_0', ':53072274_w0_0', ':53072274_w1_0']","[40.0, 40.0, 40.0, 40.0, 40.0, 0, 0, 0, 0]"
53072275,False,85,"['621426648_2', '621426648_4', ':53072275_w4_0', '621426648_3', '22927953#1.66_2', ':53072275_w1_0', ':53072275_w2_0', '621426648_1', '22927953#1.66_1', ':53072275_w3_0', ':53072275_w0_0']","[54.0, 54.0, 25.0, 54.0, 25.0, 86.0, 25.0, 54.0, 25.0, 54.0, 54.0]"
53072277,False,87,"['-428237344_2', '512250881_1', '428237322#0_1', '512250881_3', '428237322#0_3', '428237322#0_2', ':53072277_w2_0', '-428237344_1', '512250881_2', ':53072277_w0_0', ':53072277_w1_0', ':53072277_w3_0']","[37.0, 36.0, 43.0, 36.0, 46.0, 43.0, 31.0, 37.0, 36.0, 31.0, 33.0, 33.0]"
53072283,False,97,"[':53072283_w3_0', '65588116#4_1', '-460421473#1_1', ':53072283_w2_0', ':53072283_w1_0', '460423542#1_1', '-62203764#1_1', ':53072283_w0_0', '-62203764#1_2']","[33.0, 33.0, 54.0, 54.0, 33.0, 33.0, 54.0, 54.0, 54.0]"
53073086,False,124,"['-8045491_3', '-8045491_2', '332473708#0_2', '-8045491_1', ':53073086_w3_0', '332473708#0_3', '332473708#0_1', '-6345067#0_1', '-6345067#0_2']","[71.0, 71.0, 45.0, 71.0, 12.0, 45.0, 45.0, 56.0, 56.0]"
53073244,False,43,"['347094712#1_1', '-65588108#0_1', '347094712#1_2', ':53073244_w2_0', ':53073244_w3_0', ':53073244_w0_0', '332223489#2_1', '-65588108#0_2', '332223489#2_2', ':53073244_w1_0', '537686684#1_1', '537686684#1_2']","[6.0, 6.0, 6.0, 6.0, 7.0, 6.0, 7.0, 6.0, 7.0, 7.0, 7.0, 7.0]"
53073245,False,26,"['-428088886_1', '65588108#0_2', '-428088886_3', '65588108#0_1', ':53073245_w1_0', ':53073245_w0_0', '-428088886_2', '-6463530#1_1', ':53073245_w2_0']","[7.0, 6.0, 7.0, 6.0, 7.0, 7.0, 7.0, 7.0, 7.0]"
53073246,False,76,"[':53073246_w2_0', 'gneE580_1', '-6514305#2_1', '-332223490#0_1', ':53073246_w0_0', '465971498#0_1', '-332223490#0_2', 'gneE580_2', ':53073246_w3_0', ':53073246_w1_0']","[14.0, 12.0, 6.0, 20.0, 20.0, 6.0, 12.0, 6.0, 6.0, 7.0]"
53073248,False,55,"['-353690151#1_1', '-353690151#1_2', ':53073248_w3_0', ':53073248_w2_0', ':53073248_w0_0', '428088900#1_1', '293777048#5_1', 'gneE710_1', ':53073248_w1_0', '428088900#1_2']","[19.0, 11.0, 19.0, 7.0, 7.0, 13.0, 7.0, 7.0, 15.0, 7.0]"
53073250,False,26,"[':53073250_w1_0', '353690151#0_2', ':53073250_w2_0', '293753571#0_1', '353690151#0_1', '-353690151#3_1']","[6.0, 7.0, 7.0, 6.0, 7.0, 7.0]"
53073251,False,64,"['-428089348#1_2', '428341218_3', ':53073251_w0_0', '353690151#2_2', '428341218_1', ':53073251_w3_0', '353690151#2_1', '-428089348#1_3', ':53073251_w1_0', '428341218_2', '-332223491_1', ':53073251_w2_0', '-428089348#1_1']","[8.0, 9.0, 8.0, 15.0, 8.0, 15.0, 15.0, 9.0, 7.0, 8.0, 15.0, 8.0, 8.0]"
53073253,False,87,"['-265352909#1_1', '332223492#2_1', ':53073253_w3_0', '337673342#2_1', ':53073253_w2_0', '-337673342#4_1', ':53073253_w0_0', ':53073253_w1_0', '332223492#2_2', '-265352909#1_2']","[40.0, 40.0, 36.0, 40.0, 36.0, 40.0, 36.0, 36.0, 40.0, 40.0]"
53073254,True,3600,"['265352909#1_2', '-265352909#2_2', '6447455#3_1', '-265352909#2_1', ':53073254_w2_0', ':53073254_w1_0', ':53073254_w3_0', '-607690679#0_1', ':53073254_w0_0', '265352909#1_1']","[37.0, 37.0, 37.0, 37.0, 0, 0, 0, 0, 0, 0]"
53073255,True,3600,"['428246436_2', ':53073255_w0_0', '428246441#1_1', ':53073255_w3_0', ':53073255_w1_0', ':53073255_w2_0', 'gneE582_1', '428246436_1', '-332601014#0_1', '428246441#1_2']","[0, 22.0, 0, 22.0, 22.0, 22.0, 0, 0, 0, 0]"
53073259,False,87,"[':53073259_w1_0', 'gneE583_1', ':53073259_w0_0', ':53073259_w2_0', '-332601013#0_1', '159118040#0_1']","[42.0, 26.0, 21.0, 21.0, 26.0, 26.0]"
53073260,False,87,"['-428098988#0_1', ':53073260_w3_0', ':53073260_w0_0', ':53073260_w2_0', '644748880_1', '644748880_2', '658284000_1', '658284001_1', ':53073260_w1_0']","[26.0, 21.0, 42.0, 42.0, 26.0, 26.0, 26.0, 26.0, 42.0]"
53077594,True,3600,"['-428098985_1', ':53077594_w1_0', '-621283354_1', ':53077594_w2_0', ':53077594_w3_0', '-428098985_2', '428098977_1', ':53077594_w0_0', '6346308#8_1', '428098977_2']","[38.0, 47.0, 32.0, 33.0, 32.0, 47.0, 38.0, 33.0, 32.0, 47.0]"
53082162,False,90,"['-332223495_2', ':53082162_w1_0', '-332223495_1', '428301128#1_1', '428301128#1_2', '61025856#0.46_1']","[58.0, 58.0, 58.0, 26.0, 26.0, 23.0]"
53082266,False,87,"['gneE377_1', ':53082266_w0_0', 'gneE384_2', ':53082266_w2_0', 'gneE380_1', 'gneE384_1', ':53082266_w1_0', 'gneE383_1', 'gneE380_2', ':53082266_w3_0']","[36.0, 42.0, 42.0, 42.0, 42.0, 42.0, 36.0, 36.0, 42.0, 36.0]"
53082270,True,3600,"[':53082270_w3_0', ':53082270_w1_0', '-360589188_1', '360589182_2', '360589182_1', ':53082270_w2_0', ':53082270_w0_0', '-360589188_2', '560113721#5_1', '360589182_3']","[28.0, 28.0, 28.0, 28.0, 28.0, 28.0, 28.0, 28.0, 28.0, 28.0]"
53082272,False,30,"['372143243#0_1', '372143243#0_2', ':53082272_w1_0', '-372143241_1', '-372143241_2', '260316830#2_2', '260316830#2_1']","[7.0, 7.0, 7.0, 7.0, 7.0, 7.0, 7.0]"
53086663,False,69,"[':53086663_w3_0', ':53086663_w1_0', '-621319686#1_1', '-621319686#1_2', ':53086663_w2_0', ':53086663_w0_0', '607121654#2_1', '163419184#10_2', '163419184#10_1']","[41.0, 41.0, 41.0, 41.0, 19.0, 19.0, 19.0, 41.0, 41.0]"
53086664,False,38,"['621378265#0_1', ':53086664_w3_0', '621378265#0_3', ':53086664_w1_0', ':53086664_w2_0', ':53086664_w0_0', '621378265#0_2', '143014891#2_1']","[15.0, 15.0, 5.0, 7.0, 7.0, 7.0, 15.0, 7.0]"
53086666,False,69,"['370819890#2_1', ':53086666_w2_0', '-399134508#1_2', '370819890#2_2', '533546297#2_1', ':53086666_w0_0', '-399134508#1_1', ':53086666_w3_0', ':53086666_w1_0']","[34.0, 25.0, 34.0, 34.0, 25.0, 25.0, 34.0, 34.0, 34.0]"
53086667,False,69,"['8045788#0_3', '399134510#1_2', '8045788#0_4', ':53086667_w1_0', '8045788#0_1', ':53086667_w0_0', ':53086667_w3_0', '399134510#1_1', '8045788#0_2', ':53086667_w2_0']","[36.0, 24.0, 36.0, 36.0, 36.0, 24.0, 36.0, 24.0, 36.0, 24.0]"
53086670,False,69,"['458063753#1_3', '337671934#2_1', ':53086670_w1_0', '337671934#2_2', '458063753#1_2', ':53086670_w0_0', ':53086670_w3_0', ':53086670_w2_0', '458063753#1_1']","[38.0, 22.0, 38.0, 22.0, 38.0, 22.0, 38.0, 22.0, 38.0]"
53086671,False,66,"['534549105#0_3', '534549105#0_1', ':53086671_w2_0', ':53086671_w1_0', ':53086671_w3_0', '534549105#0_2', '512249710#1_1', '512249710#1_2', ':53086671_w0_0']","[27.0, 27.0, 31.0, 35.0, 35.0, 27.0, 23.0, 23.0, 31.0]"
53086673,True,3600,"[':53086673_w0_0', ':53086673_w3_0', ':53086673_w1_0', ':53086673_w2_0', '511213262#1_1', '391421595_1', '511213262#1_2']","[0, 0, 37.0, 37.0, 37.0, 37.0, 37.0]"
53086674,False,87,"['-337671935_1', '428087110#3_1', '-484624021_2', '428087110#3_2', ':cluster_53086674_gneJ388_w2_0', '462696739_2', ':cluster_53086674_gneJ388_w0_0', ':cluster_53086674_gneJ388_w1_0', '462696739_1', '-484624021_1', ':cluster_53086674_gneJ388_w3_0']","[39.0, 40.0, 40.0, 40.0, 39.0, 39.0, 39.0, 40.0, 39.0, 40.0, 40.0]"
53088988,True,3600,"['gneE414_1', '322781943#0_1', '-14010209#2_1']","[0, 0, 0]"
53088990,False,87,"['164242784_1', '164242784_2', '-6397278#3_1', '-6397278#3_2', ':53088990_w2_0', ':53088990_w1_0', '-428301128#0_2', ':53088990_w3_0', ':53088990_w0_0', 'gneE410_1', '-428301128#0_1', 'gneE410_2']","[54.0, 54.0, 25.0, 25.0, 54.0, 25.0, 54.0, 25.0, 54.0, 25.0, 54.0, 25.0]"
53088992,False,87,"['332223495_1', 'gneE743_0', 'gneE458_3', '332223495_2', 'gneE458_2', '-164241876_1', ':53088992_w0_0', '-164242786#0_1', '-164241876_2', '-164242786#0_2', ':53088992_w2_0', ':53088992_w1_0', ':53088992_w3_0', 'gneE458_1']","[14.0, 14.0, 14.0, 14.0, 14.0, 14.0, 39.0, 14.0, 14.0, 14.0, 19.0, 29.0, 29.0, 14.0]"
53088999,False,48,"[':53088999_w2_0', 'gneE389_1', ':53088999_w3_0', 'gneE387_1', 'gneE387_2', ':53088999_w0_0', 'gneE385_1', 'gneE392_1', ':53088999_w1_0', 'gneE392_2']","[6.0, 7.0, 6.0, 7.0, 7.0, 6.0, 7.0, 7.0, 6.0, 7.0]"
53089007,False,23,"['15257627#2_1', '-15257627#3_2', 'gneE432_1', ':53089007_w2_0', '-15257627#3_1', ':53089007_w0_0', '15257627#2_2', ':53089007_w1_0', 'gneE429_1', ':53089007_w3_0']","[7.0, 7.0, 7.0, 7.0, 7.0, 7.0, 7.0, 7.0, 7.0, 7.0]"
53091442,False,28,"[':53091442_w0_0', '-6352930#2_1', '-371427803#14_2', '-371427803#14_1', ':53091442_w1_0', '371427803#10_2', '371427803#10_1', ':53091442_w2_0']","[7.0, 7.0, 7.0, 7.0, 7.0, 7.0, 7.0, 7.0]"
53091449,False,37,"['22760466#3_3', ':53091449_w0_0', ':53091449_w3_0', ':53091449_w2_0', ':53091449_w1_0', '22760466#3_2', '243329197#5_1', '22760466#3_1']","[4.0, 7.0, 15.0, 7.0, 7.0, 15.0, 7.0, 15.0]"
53091453,False,69,"['215869721#1_1', ':53091453_w2_0', ':53091453_w3_0', '215869721#1_2', '215869721#1_3', '243329197#9_1', ':53091453_w0_0', ':53091453_w1_0', '215869721#1_4']","[37.0, 23.0, 37.0, 37.0, 37.0, 23.0, 23.0, 37.0, 37.0]"
53091454,True,3600,"['243329197#11_1', '458058811#0.84_3', '458058811#0.84_2', ':cluster_53091454_6127222560_w0_0', ':cluster_53091454_6127222560_w3_0', '-22927957#0.33_1', ':cluster_53091454_6127222560_w2_0', ':cluster_53091454_6127222560_w1_0', '458058811#0.84_1']","[0, 37.0, 37.0, 0, 37.0, 0, 37.0, 37.0, 0]"
53099320,True,3600,"['-332597972#0_2', '-332597972#0_1', '-332597972#0_3', ':53099320_w2_0', ':53099320_w1_0', '332200728#1_2', ':53099320_w0_0', '-6359288#0_1', ':53099320_w3_0', '332200728#1_1']","[15.0, 15.0, 5.0, 7.0, 7.0, 0, 15.0, 0, 7.0, 0]"
53099752,False,92,"['-428237354#1_2', '428237339#0_2', '37551507#0_2', ':53099752_w2_0', '37551507#0_1', '428237339#0_3', '428237339#0_1', '-428237354#1_3', ':53099752_w0_0', ':53099752_w3_0', ':53099752_w1_0', '-240704053#1_1', '-428237354#1_1']","[13.0, 14.0, 35.0, 35.0, 35.0, 31.0, 14.0, 30.0, 35.0, 14.0, 13.0, 35.0, 13.0]"
53102406,True,3600,"['-163419193#3_1', '163419193#2_1', ':53102406_w3_0', ':53102406_w0_0', '585843631#5_1', '-578105516#0_1', ':53102406_w2_0', ':53102406_w1_0']","[37.0, 0, 37.0, 37.0, 37.0, 0, 37.0, 37.0]"
53102408,False,87,"[':53102408_w0_0', '-422748212#7_1', ':53102408_w3_0', ':53102408_w1_0', '-163419193#1_1', '422748212#6_1', '163419193#0_1', ':53102408_w2_0']","[36.0, 40.0, 36.0, 36.0, 40.0, 40.0, 40.0, 36.0]"
53102410,True,3600,"[':53102410_w0_0', ':53102410_w1_0', '-546095808#0_1', '-163419193#0_1', '391470504_1', '179222050#5_1', ':53102410_w3_0', ':53102410_w2_0']","[37.0, 37.0, 0, 37.0, 0, 37.0, 37.0, 37.0]"
53107464,True,3600,"['-524878319#1_2', '332200724#0_1', '-396290406#1_3', ':53107464_w3_0', '396290407#0_2', '396290407#0_3', '-396290406#1_1', '-524878319#1_1', '396290407#0_1', ':53107464_w1_0', ':53107464_w0_0', '-396290406#1_2', '332200724#0_2', ':53107464_w2_0']","[38.0, 70.0, 32.0, 32.0, 32.0, 32.0, 32.0, 38.0, 38.0, 38.0, 33.0, 32.0, 38.0, 33.0]"
53107469,True,3600,"['585843630#1_3', ':53107469_w0_0', '6457582#2_2', ':53107469_w2_0', '-585843630#4_1', '-422748212#2_1', '-585843630#4_2', '585843630#1_2', '6457582#2_1', '-585843630#4_3', ':53107469_w1_0', '585843630#1_1', ':53107469_w3_0']","[28.0, 28.0, 0, 0, 28.0, 0, 28.0, 28.0, 28.0, 28.0, 0, 28.0, 0]"
53108484,False,37,"['436163947#1_2', '-460423542#0_1', ':53108484_w0_0', '-393047810_2', '6366765#11_1', ':53108484_w1_0', ':53108484_w2_0', '-393047810_1', '436163947#1_1', ':53108484_w3_0']","[7.0, 7.0, 7.0, 7.0, 7.0, 7.0, 7.0, 7.0, 7.0, 7.0]"
53108778,False,87,"['-462696718#1_1', '452330585#6_1', ':53108778_w0_0', ':53108778_w2_0', ':53108778_w1_0', ':53108778_w3_0', '462696719#2_1', '462696719#2_3', '462696719#2_2']","[29.0, 29.0, 29.0, 29.0, 30.0, 49.0, 49.0, 49.0, 49.0]"
53114222,True,3600,"[':53114222_w3_0', ':53114222_w1_0', '-369877037_1', '-465971498#1_1', '-576974321_1', '465971497_1', '465971497_2', '-369877037_2', ':53114222_w0_0', ':53114222_w2_0']","[0, 0, 0, 0, 37.0, 37.0, 37.0, 37.0, 0, 0]"
53114228,False,87,"['-gneE130_1', ':53114228_w2_0', ':53114228_w1_0', 'gneE185_1', ':53114228_w0_0', ':53114228_w3_0', 'gneE323_1', '484863624#1_3', '484863624#1_1', '484863624#1_2']","[59.0, 20.0, 59.0, 20.0, 20.0, 59.0, 20.0, 59.0, 59.0, 59.0]"
53114262,False,109,"[':53114262_w1_0', '6472596#0_1', ':53114262_w2_0', ':53114262_w0_0', '6472596#0_2', 'gneE58_1', 'gneE257.39_1', 'gneE257.39_2', ':53114262_w3_0']","[50.0, 50.0, 50.0, 50.0, 50.0, 50.0, 50.0, 50.0, 50.0]"
53114263,False,109,"['gneE261_2', ':53114263_w3_0', ':53114263_w1_0', '-6371912#12_1', '462696722#2_2', ':53114263_w0_0', '462696722#2_1', 'gneE261_1', ':53114263_w2_0']","[50.0, 50.0, 50.0, 50.0, 50.0, 50.0, 50.0, 50.0, 50.0]"
53114264,False,109,"['6396263#4_2', ':53114264_w2_0', ':53114264_w3_0', '6371912#11_1', '-51817338#3.48_1', '6396263#4_1', ':53114264_w0_0', ':53114264_w1_0', '-51817338#3.48_2']","[45.0, 45.0, 55.0, 55.0, 55.0, 45.0, 45.0, 55.0, 55.0]"
53114276,False,69,"['22927962#3_1', '537696882#1_1', ':53114276_w0_0', '537696882#1_2', ':53114276_w1_0', ':53114276_w2_0', ':53114276_w3_0', '68665998#3_1', '-22927962#7_1']","[20.0, 38.0, 20.0, 38.0, 38.0, 20.0, 0, 38.0, 20.0]"
53114280,False,23,"[':53114280_w1_0', ':53114280_w2_0', '256891817#3_4', '256891817#3_3', '256891817#3_2', ':53114280_w3_0', ':53114280_w0_0', '256891817#3_1']","[7.0, 7.0, 7.0, 7.0, 7.0, 7.0, 7.0, 7.0]"
53114282,False,24,"['-206883227#5.24_2', '-206883227#5.24_1', '206883227#4_1', ':53114282_w2_0', '256891818#0_1', ':53114282_w1_0', ':53114282_w3_0', ':53114282_w0_0', '256891818#0_2']","[7.0, 7.0, 7.0, 7.0, 6.0, 6.0, 6.0, 7.0, 6.0]"
53114285,False,23,"['256891818#4_2', ':53114285_w2_0', '6405767#2_1', '-6405767#3_1', ':53114285_w3_0', '256891818#4_1', ':53114285_w1_0', ':53114285_w0_0']","[7.0, 7.0, 7.0, 7.0, 7.0, 7.0, 7.0, 7.0]"
53114289,False,69,"['256891818#6.54_2', '-14024017#1.93_1', ':53114289_w0_0', '335460685#3_2', '-14024017#1.93_2', '-239801865_1', '335460685#3_1', ':53114289_w3_0', ':53114289_w2_0', ':53114289_w1_0', '256891818#6.54_3', '256891818#6.54_1', '-239801865_2']","[35.0, 35.0, 25.0, 25.0, 35.0, 25.0, 25.0, 35.0, 25.0, 35.0, 35.0, 35.0, 25.0]"
53119471,False,59,"[':53119471_w2_0', '70133947#0_1', '-6375772#1_0', '465971496_2', ':53119471_w1_0', '465971496_1']","[23.0, 27.0, 27.0, 23.0, 27.0, 23.0]"
53119474,True,3600,"[':53119474_w2_0', ':53119474_w3_0', ':53119474_w1_0', '-37551509_1', '6502970#6_1', '22927967_1', '22927967_2', '332946376#1_1', ':53119474_w0_0']","[13.0, 13.0, 13.0, 0, 0, 13.0, 13.0, 0, 0]"
53128144,False,69,"['6522895_3', '6522895_1', '378845730_1', ':53128144_w1_0', '-332200726_1', ':53128144_w3_0', ':53128144_w0_0', '6522895_2', '378845730_2', ':53128144_w2_0', '-332200726_2']","[22.0, 22.0, 38.0, 38.0, 38.0, 38.0, 22.0, 22.0, 38.0, 22.0, 38.0]"
53128145,True,3600,"['428247162_1', '-235036846#0_2', '-8111488#0_1', '-235036846#0_1', '428247162_2']","[0, 42.0, 42.0, 42.0, 42.0]"
53128666,False,87,"[':53128666_w0_0', '428230587_4', ':53128666_w3_0', '428230587_3', ':53128666_w2_0', '428230587_1', '428230587_2', '462696713#3_1', '-531922150#1_1', ':53128666_w1_0']","[20.0, 59.0, 59.0, 59.0, 20.0, 59.0, 59.0, 20.0, 20.0, 59.0]"
53128667,False,87,"[':53128667_w1_0', '621283286#0_1', ':53128667_w2_0', ':53128667_c0_0', 'gneE407_4', '621283286#0_2', '53100926#2_1', '621283286#0_3', ':53128667_w0_0', ':53128667_c3_0', 'gneE407_3', ':53128667_c2_0', ':53128667_w3_0', ':53128667_c1_0', 'gneE407_1', 'gneE407_2']","[20.0, 20.0, 20.0, 60.0, 60.0, 20.0, 20.0, 20.0, 0, 0, 60.0, 0, 0, 60.0, 60.0, 60.0]"
53128668,False,45,"[':53128668_c1_0', '-295939847_2', '428245585.24_2', '-295939847_1', '428245585.24_3', ':53128668_w0_0', '-295939847_3', ':53128668_c0_0', ':53128668_w2_0', '-127697547#0.93_2', '428245585.24_0', '-127697547#0.93_1', '428245585.24_1', '-127697547#0.93_3']","[0, 21.0, 17.0, 21.0, 18.0, 0, 7.0, 7.0, 0.0, 7.0, 17.0, 7.0, 17.0, 7.0]"
53128671,False,87,"['620762201_4', '620762201_1', '428246462_3', '428246448#1_2', '428246460_2', '620762201_3', '428246448#1_0', '428246460_1', ':53128671_w1_0', '428246462_1', '428246462_2', '428246448#1_1', '428246448#1_3', '620762201_2', ':53128671_w2_0']","[40.0, 32.0, 40.0, 32.0, 40.0, 32.0, 32.0, 32.0, 27.0, 32.0, 32.0, 32.0, 40.0, 32.0, 27.0]"
53129297,False,87,"['-53100926#1_1', '61032261#3_1', '-456870925#0_1', ':53129297_w3_0', ':53129297_w1_0', '-245265799#0_1', ':53129297_w2_0', '61032261#3_2', ':53129297_w0_0']","[20.0, 60.0, 20.0, 60.0, 60.0, 60.0, 20.0, 60.0, 20.0]"
53129446,False,87,"[':53129446_w1_0', ':53129446_w2_0', ':53129446_w0_0', '428246432_1', '-428098981_1', ':53129446_w3_0', '-171739214#4_1', '428246432_2', '171739214#3_1']","[31.0, 32.0, 32.0, 37.0, 45.0, 31.0, 36.0, 45.0, 36.0]"
53131121,False,37,"['260316653#1_2', '-85591518#1_1', '-85591518#1_2', '260316653#1_3', ':53131121_w1_0', '8044215#7_1', ':53131121_w3_0', ':53131121_w2_0', '-6485995#1_1', '260316653#1_1', ':53131121_w0_0']","[11.0, 6.0, 6.0, 11.0, 17.0, 7.0, 11.0, 17.0, 7.0, 11.0, 7.0]"
53142127,False,39,"['gneE243_1', ':53142127_w2_0', 'gneE272.65_2', '158943668#1_2', ':53142127_w0_0', 'gneE243_2', ':53142127_w3_0', '158943668#1_1', 'gneE272.65_3', ':53142127_w1_0', 'gneE272.65_1']","[6.0, 12.0, 15.0, 6.0, 24.0, 6.0, 15.0, 6.0, 15.0, 15.0, 15.0]"
53142130,False,37,"[':53142130_w3_0', ':53142130_w1_0', ':53142130_w0_0', '428243315#1_1', 'gneE269.20_3', '428243315#1_3', ':53142130_w2_0', 'gneE269.20_2', 'gneE269.20_4', '428243315#1_2', '428243315#1_4', 'gneE269.20_1']","[6.0, 15.0, 7.0, 15.0, 7.0, 15.0, 7.0, 7.0, 7.0, 15.0, 15.0, 7.0]"
53142136,False,87,"['333212250#1_1', 'gneE215_3', 'gneE215_2', 'gneE215_1', ':53142136_w3_0', 'gneE215_4', ':53142136_w2_0', ':53142136_w0_0', ':53142136_w1_0', '333212250#1_2', '333212250#1_3']","[25.0, 54.0, 54.0, 54.0, 54.0, 54.0, 25.0, 25.0, 54.0, 25.0, 25.0]"
53142418,False,72,"['-428341307#1_1', '546095808#1_1', '-428341307#1_2', ':53142418_w2_0', ':53142418_w0_0', '393047826_3', ':53142418_w1_0', '393047826_2', '-572049556#1_1', '393047826_1', ':53142418_w3_0']","[41.0, 24.0, 41.0, 20.0, 20.0, 41.0, 36.0, 41.0, 24.0, 41.0, 36.0]"
53142423,False,87,"[':53142423_w1_0', '428341107_3', ':53142423_w2_0', '422748213#3_2', ':53142423_w3_0', ':53142423_w0_0', '428341107_2', '428341107_1', '-393047815#1_2', '-393047815#1_1', '-604185672#1_1', '-604185672#1_2', '422748213#3_1', '-393047815#1_3']","[31.0, 45.0, 32.0, 36.0, 31.0, 32.0, 37.0, 37.0, 37.0, 37.0, 36.0, 36.0, 36.0, 45.0]"
53142432,False,87,"['-6394468#0_1', ':53142432_w2_0', '263689011#2_1', ':53142432_w1_0', ':53142432_w3_0', '-6406233#0_1', ':53142432_w0_0', '263689011#2_2']","[40.0, 36.0, 40.0, 36.0, 36.0, 40.0, 36.0, 40.0]"
53142964,True,3600,"['-105493444#1_1', '354215257#2_1', '354215257#2_2', '354215257#2_3', '-105493444#1_2']","[49.0, 49.0, 49.0, 49.0, 49.0]"
53142966,False,40,"['6450457#2_1', '6395017#2_1', ':53142966_w2_0', '6450457#2_3', ':53142966_w3_0', ':53142966_w1_0', ':53142966_w0_0', '6450457#2_2']","[15.0, 7.0, 7.0, 5.0, 15.0, 6.0, 7.0, 15.0]"
53142967,False,87,"[':53142967_w0_0', '532243339#0_2', '-460425665#2_1', '-460425665#2_2', '460425664#3_1', ':53142967_w2_0', ':53142967_w3_0', '532243339#0_1', '460425664#3_2', '460425664#3_3', ':53142967_w1_0']","[24.0, 55.0, 55.0, 55.0, 24.0, 24.0, 55.0, 55.0, 24.0, 24.0, 55.0]"
53142968,False,43,"['580425578#1_2', '580425578#1_4', '580425578#1_3', ':53142968_w3_0', '580425578#1_1', ':53142968_w0_0', ':53142968_w2_0', '465799092#2_2', '465799092#2_1', ':53142968_w1_0']","[15.0, 15.0, 15.0, 15.0, 15.0, 6.0, 6.0, 6.0, 6.0, 7.0]"
53142969,False,112,"['620595195#0.78_1', '428248111#0_1', ':53142969_w3_0', ':53142969_w0_0', '620595195#0.78_2', ':53142969_w1_0', '428248111#0_4', '428248111#0_3', '620595195#0.78_3', ':53142969_w2_0', '428248111#0_2']","[45.0, 61.0, 45.0, 61.0, 45.0, 45.0, 61.0, 61.0, 45.0, 61.0, 61.0]"
53142970,False,48,"['332946371#5.88_1', ':53142970_w0_0', '428248112#2_2', '428248112#2_1', '332946371#5.88_3', '428248112#2_3', ':53142970_w1_0', ':53142970_w3_0', '332946371#5.88_2', '332946371#5.88_4', ':53142970_w2_0']","[7.0, 12.0, 15.0, 15.0, 7.0, 4.0, 12.0, 12.0, 7.0, 7.0, 20.0]"
53142971,True,3600,"['-428248104#1_2', ':53142971_w1_0', ':53142971_w2_0', '428248105#0_1', '-428248104#1_1', '537447816#3_2', ':53142971_w3_0', '537447816#3_1', ':53142971_w0_0', '428248105#0_2', '537447816#3_3']","[33.0, 0, 0, 0, 33.0, 33.0, 0, 33.0, 0, 0, 33.0]"
53142972,False,35,"['585970943#0_3', ':53142972_w3_0', ':53142972_w2_0', '585970943#0_2', '465971495_1', ':53142972_w0_0', '-332962226#0_1', ':53142972_w1_0', '585970943#0_1']","[15.0, 6.0, 15.0, 15.0, 6.0, 7.0, 6.0, 6.0, 15.0]"
53142974,False,37,"['-617098972#3_1', '-428231010#1_2', '428230978#0_3', '-428231010#1_3', ':53142974_w0_0', 'gneE507_3', 'gneE507_1', 'gneE507_2', ':53142974_w3_0', ':53142974_w1_0', '-428231010#1_1', '-617098972#3_2', '428230978#0_1', '428230978#0_2', ':53142974_w2_0']","[11.0, 7.0, 7.0, 7.0, 11.0, 16.0, 6.0, 6.0, 7.0, 7.0, 7.0, 16.0, 7.0, 7.0, 6.0]"
53144257,False,87,"[':53144257_w1_0', '-462696717#1_2', '610573957#1_2', '610573957#1_3', '-462696717#1_1', ':53144257_w2_0', '6396263#8_2', '610573957#1_1', ':53144257_w3_0', '6396263#8_1', ':53144257_w0_0']","[51.0, 51.0, 51.0, 51.0, 51.0, 27.0, 27.0, 51.0, 51.0, 27.0, 27.0]"
53144260,False,40,"['428243313#2_3', '6396263#12_2', ':53144260_w0_0', ':53144260_w2_0', '428243313#2_1', '6396263#12_1', '428243313#2_2', ':53144260_w3_0', ':53144260_w1_0', '428243313#2_4']","[15.0, 6.0, 6.0, 6.0, 15.0, 6.0, 15.0, 15.0, 6.0, 15.0]"
53144261,False,90,"['421777784#1_2', ':53144261_w2_0', 'gneE312_2', ':53144261_w0_0', 'gneE312_1', ':53144261_w1_0', '-462696720#2_2', '-462696720#2_1', ':53144261_w3_0', '421777784#1_1']","[55.0, 25.0, 25.0, 25.0, 25.0, 55.0, 55.0, 55.0, 55.0, 55.0]"
53144262,False,87,"['428243943#12_3', ':53144262_w1_0', ':53144262_w3_0', ':53144262_w0_0', '428243943#12_1', '421777796#2_2', '428243943#12_2', '421777796#2_3', ':53144262_w2_0', '421777796#2_1', '428243943#12_4']","[58.0, 44.0, 58.0, 20.0, 58.0, 20.0, 58.0, 20.0, 20.0, 20.0, 58.0]"
53144265,False,87,"['421777796#6_1', '6508961#0_3', '6508961#0_1', ':53144265_w1_0', ':53144265_w2_0', '6508961#0_2', ':53144265_w3_0', '421777796#6_2', ':53144265_w0_0']","[33.0, 45.0, 45.0, 17.0, 33.0, 45.0, 45.0, 33.0, 33.0]"
53144266,False,60,"[':53144266_w0_0', 'gneE518_1', '-70133947#2_1', ':53144266_w1_0', '13726935_2', ':53144266_w2_0', ':53144266_w3_0', '13726935_1']","[18.0, 32.0, 32.0, 32.0, 18.0, 18.0, 32.0, 18.0]"
53144604,False,40,"['-6396526#1_2', '-6396526#1_1', ':53144604_w2_0', ':53144604_w3_0', '332473706#0_2', '-332473707#1_2', '-332473707#1_1', '332473706#0_1', ':53144604_w1_0', ':53144604_w0_0']","[7.0, 7.0, 7.0, 7.0, 7.0, 7.0, 7.0, 7.0, 7.0, 7.0]"
53144731,False,87,"['169468453#0_2', 'gneE244.54_1', 'gneE244.54_2', 'gneE244.54_3', ':53144731_w0_0', '169468453#0_1', ':53144731_w1_0', ':53144731_w2_0']","[55.0, 55.0, 55.0, 55.0, 26.0, 55.0, 26.0, 26.0]"
53144733,False,87,"[':53144733_w2_0', ':53144733_w3_0', ':53144733_w0_0', 'gneE284_3', '620762216#1_2', 'gneE284_2', '6472596#8_1', ':53144733_w1_0', '620762216#1_1', 'gneE284_1', '6472596#8_2']","[27.0, 52.0, 27.0, 52.0, 52.0, 52.0, 27.0, 52.0, 52.0, 52.0, 27.0]"
53144734,False,87,"['-610573957#1_2', '-620762216#1_1', ':53144734_w0_0', '-620762216#1_3', ':53144734_w1_0', '6428348#8_2', ':53144734_w2_0', '6428348#8_1', '-620762216#1_2', ':53144734_w3_0', '6428348#8_3', '-610573957#1_1']","[48.0, 48.0, 31.0, 48.0, 48.0, 31.0, 31.0, 31.0, 48.0, 48.0, 31.0, 48.0]"
53144737,False,90,"['534545516#1_2', '534545516#1_1', ':53144737_w1_0', '-462696736#2_2', '-462696736#2_1', ':53144737_w2_0', ':53144737_w0_0', '534545516#1_3']","[56.0, 56.0, 26.0, 56.0, 56.0, 26.0, 26.0, 56.0]"
53144740,False,87,"[':53144740_w1_0', ':53144740_w0_0', '105493444#3_3', '105493444#3_1', ':53144740_w2_0', ':53144740_w3_0', '-62412695#4_1', '340164240_2', '340164240_1', '-428243129#2_2', '-428243129#2_1', '105493444#3_2']","[48.0, 31.0, 48.0, 48.0, 31.0, 48.0, 31.0, 31.0, 31.0, 48.0, 48.0, 48.0]"
53144742,False,87,"[':53144742_w0_0', 'gneE491.69_2', '428243129#0_1', 'gneE491.69_1', '240455510#1_1', ':53144742_w1_0', ':53144742_w3_0', '-206877624#2_1', '428243129#0_3', '428243129#0_2', ':53144742_w2_0', '240455510#1_2', '-206877624#2_2']","[33.0, 33.0, 46.0, 33.0, 33.0, 46.0, 46.0, 46.0, 46.0, 46.0, 33.0, 33.0, 46.0]"
53144743,False,87,"['206877624#0_1', '621319686#5_2', '206877624#0_2', ':53144743_w1_0', ':53144743_w2_0', ':53144743_w3_0', ':53144743_w0_0', '206877624#0_3', '621319686#5_1', '206880348#0_1', '206880348#0_2']","[58.0, 58.0, 58.0, 58.0, 21.0, 58.0, 21.0, 58.0, 58.0, 21.0, 21.0]"
53144744,False,69,"['-621319686#7_1', '-22927962#1_1', ':53144744_w2_0', '192005426#2_2', ':53144744_w1_0', '621319686#3_1', '621319686#3_2', '-22927962#1_2', '192005426#2_1', '-621319686#7_2', ':53144744_w0_0', ':53144744_w3_0']","[40.0, 20.0, 20.0, 20.0, 40.0, 40.0, 40.0, 20.0, 20.0, 40.0, 20.0, 40.0]"
53144746,False,69,"['-351500650#0_1', ':53144746_w3_0', '351500651#1_1', ':53144746_w1_0', '-163419184#0_2', ':53144746_w2_0', '-351500650#0_2', ':53144746_w0_0', '-163419184#0_1', '206883227#6_1']","[31.0, 31.0, 29.0, 31.0, 31.0, 29.0, 31.0, 29.0, 31.0, 29.0]"
53144747,False,69,"['351500650#4_2', ':53144747_w0_0', '-351500650#5_2', '-351500650#5_1', ':53144747_w2_0', ':53144747_w1_0', '-6405767#5_1', ':53144747_w3_0', '351500650#4_1', '6405767#4_1']","[41.0, 19.0, 41.0, 41.0, 19.0, 41.0, 19.0, 41.0, 41.0, 19.0]"
53144749,False,69,"[':53144749_w0_0', '-351500650#7_1', ':53144749_w1_0', ':53144749_w3_0', '22927956#1_1', ':53144749_w2_0', '351500650#6_2', '-351500650#7_2', '351500650#6_1']","[24.0, 36.0, 36.0, 36.0, 24.0, 24.0, 36.0, 36.0, 36.0]"
53144750,False,69,"[':53144750_w3_0', '-370823231#0_1', '301189641_2', ':53144750_w0_0', '351500650#7_1', '239801864#1_1', ':53144750_w1_0', '351500650#7_2', ':53144750_w2_0', '301189641_1', '239801864#1_2', '-370823231#0_2']","[33.0, 33.0, 26.0, 26.0, 33.0, 26.0, 33.0, 33.0, 26.0, 26.0, 26.0, 33.0]"
53144754,False,35,"['-6399137#0_2', '-6399137#0_1', ':53144754_w2_0', '-6399137#0_3', '428248060#1_3', ':53144754_w3_0', '428248060#1_1', '428248060#1_2', '533092481_2', '533092481_1', ':53144754_w1_0']","[7.0, 7.0, 4.0, 7.0, 4.0, 7.0, 4.0, 4.0, 7.0, 7.0, 7.0]"
53146386,False,40,"['-14212662#0.205_1', '-14212662#0.205_2', ':53146386_w2_0', '-335460685#2_1', '88999330#3_3', '-14212662#0.205_3', '88999330#3_2', '-335460685#2_2', ':53146386_w3_0', ':53146386_w0_0', '88999330#3_1', '-335460685#2_3', ':53146386_w1_0']","[7.0, 7.0, 6.0, 7.0, 6.0, 7.0, 6.0, 7.0, 7.0, 7.0, 6.0, 7.0, 7.0]"
53146388,False,38,"['428247168#2_2', '621396742_2', '621396742_3', ':53146388_w0_0', '428247168#2_1', '621396742_1', '-239801864#0_1', ':53146388_w3_0', '-239801864#0_2', ':53146388_w2_0', ':53146388_w1_0']","[7.0, 15.0, 4.0, 7.0, 7.0, 15.0, 7.0, 15.0, 7.0, 7.0, 7.0]"
53146390,False,69,"['332473705_2', '-370823234_2', '332473705_1', ':53146390_w0_0', '428248061#1_1', ':53146390_w1_0', ':53146390_w3_0', '-428247168#0_1', ':53146390_w2_0', '-428247168#0_2', '-370823234_1', '428248061#1_2']","[29.0, 31.0, 29.0, 31.0, 29.0, 29.0, 29.0, 31.0, 31.0, 31.0, 31.0, 29.0]"
53146391,False,69,"['-144113316#0_1', '332200727#2_2', '370823234_1', '332200727#2_1', ':53146391_w2_0', ':53146391_w1_0', '-144113314#2_3', ':53146391_w3_0', ':53146391_w0_0', '370823234_2', '-144113316#0_2', '-144113314#2_2', '-144113314#2_1']","[35.0, 35.0, 25.0, 35.0, 25.0, 35.0, 25.0, 35.0, 25.0, 25.0, 35.0, 25.0, 25.0]"
53147418,False,211,"['489639280_3', '-292244977_3', ':53147418_c1_0', ':53147418_w2_0', ':53147418_c3_0', ':53147418_w0_0', ':53147418_c2_0', ':53147418_w3_0', '489639280_2', '8045490#0_1', '-292244977_1', ':53147418_w1_0', 'gneE478_1', 'gneE478_2', '-292244977_2', '489639280_1']","[56.0, 85.0, 88.0, 88.0, 0, 0, 126.0, 88.0, 56.0, 53.0, 85.0, 85.0, 53.0, 85.0, 85.0, 56.0]"
53147420,False,41,"['-332200727#0_1', ':53147420_w1_0', ':53147420_w0_0', '-332200727#0_2', '332473707#2_2', ':53147420_w2_0', '-332473705_1', '332473707#2_1']","[7.0, 6.0, 0, 7.0, 7.0, 7.0, 6.0, 7.0]"
53147424,False,87,"[':53147424_w3_0', ':53147424_w0_0', '-88999331#1_2', ':53147424_w2_0', '-332200728#0_1', ':53147424_w4_0', '332200726_2', '-88999331#1_1', '332200726_1', '460419020#3_1', '460419020#3_2', '-332200728#0_2']","[4.0, 32.0, 40.0, 4.0, 32.0, 31.0, 32.0, 31.0, 32.0, 31.0, 40.0, 32.0]"
53147426,True,3600,"[':53147426_w2_0', '428248876_1', '332200725#1_3', '-6324947#1_1', ':53147426_w0_0', '-332200725#2_2', '-6324947#1_2', '428248876_3', '428248876_2', '-332200725#2_1', ':53147426_w3_0', ':53147426_w1_0', '332200725#1_2', '332200725#1_1']","[12.0, 19.0, 15.0, 7.0, 5.0, 7.0, 17.0, 12.0, 12.0, 24.0, 15.0, 7.0, 15.0, 17.0]"
53147432,False,50,"['242288220#0_1', '242288220#0_2', ':53147432_w3_0', '-393063429#1_3', '338863386#0_1', '-393063429#1_2', '-338863385#2_1', '338863386#0_2', '-393063429#1_1', '-338863385#2_2', ':53147432_w0_0', ':53147432_w1_0', ':53147432_w2_0']","[15.0, 15.0, 26.0, 7.0, 9.0, 26.0, 9.0, 9.0, 26.0, 9.0, 9.0, 7.0, 9.0]"
53147435,False,73,"['6496961#1_1', ':53147435_w0_0', '6496961#1_2', ':53147435_w1_0', ':53147435_w3_0', '-563752576#1_3', '-240455065#1.30_2', '428087113#0_3', '-563752576#1_2', '428087113#0_2', '6496961#1_3', '-240455065#1.30_3', ':53147435_w2_0', '-240455065#1.30_1', '-240455065#1.30_4', '-563752576#1_1', '428087113#0_1']","[12.0, 15.0, 12.0, 12.0, 12.0, 5.0, 12.0, 5.0, 15.0, 15.0, 7.0, 7.0, 15.0, 12.0, 7.0, 15.0, 15.0]"
53147436,False,37,"[':53147436_w3_0', 'gneE753_1', ':53147436_w0_0', '360390215_2', ':53147436_w1_0', ':53147436_w2_0', '-560096280#2_1', '-360390227_1', '360390215_1']","[6.0, 7.0, 7.0, 6.0, 6.0, 7.0, 7.0, 6.0, 6.0]"
53148286,False,38,"[':53148286_w3_0', ':53148286_w0_0', '617436202#0.84_2', '617436202#0.84_1', ':53148286_w1_0', '192005425#2_1', '617436202#0.84_3', '192005425#2_3', ':53148286_w2_0', '192005425#2_2']","[15.0, 6.0, 15.0, 15.0, 7.0, 6.0, 4.0, 6.0, 6.0, 6.0]"
53148287,False,87,"['621378235#2_1', ':53148287_w0_0', '621378235#2_3', '206883229#0.87_2', '-621319687#1_1', '206883229#0.87_3', ':53148287_w3_0', ':53148287_w1_0', '621378235#2_2', '206883229#0.87_1', '-621319687#1_2', ':53148287_w2_0']","[34.0, 34.0, 34.0, 45.0, 45.0, 45.0, 45.0, 45.0, 34.0, 45.0, 45.0, 34.0]"
53148290,False,87,"['428305118#1.95_3', '465797210#2_2', ':53148290_w2_0', '428305118#1.95_5', '465797210#2_1', ':53148290_w3_0', '428305118#1.95_2', ':53148290_w0_0', '465797210#2_3', '428305118#1.95_1', ':53148290_w1_0', '428305118#1.95_4']","[50.0, 29.0, 29.0, 50.0, 29.0, 50.0, 50.0, 29.0, 29.0, 50.0, 50.0, 50.0]"
53148292,False,87,"[':53148292_w0_0', '293623336#4_1', ':53148292_w3_0', '293623336#4_2', '465797213#2_1', '465797213#2_2', ':53148292_w2_0', '293623336#4_3', ':53148292_w1_0', '465797213#2_3']","[29.0, 50.0, 50.0, 50.0, 29.0, 29.0, 29.0, 50.0, 50.0, 29.0]"
53148294,False,87,"[':53148294_w3_0', '465797212#5_1', '512250031#2_1', ':53148294_w1_0', ':53148294_w2_0', '465797212#5_3', '512250031#2_3', ':53148294_w0_0', '465797212#5_2', '512250031#2_2']","[45.0, 45.0, 34.0, 45.0, 34.0, 45.0, 34.0, 34.0, 45.0, 34.0]"
53148295,True,3600,"['6399834#1_2', '-428087148#2_2', ':53148295_w2_0', ':53148295_w1_0', '6399834#1_3', ':53148295_w0_0', '428087147#0_1', '6399834#1_4', ':53148295_w3_0', '428087147#0_2', '-428087148#2_1', '6399834#1_1']","[37.0, 0, 0, 0, 0, 37.0, 37.0, 0, 0, 37.0, 0, 37.0]"
53148297,True,3600,"['620762260_2', '620762260_1', ':53148297_w0_0', '620762260_3', ':53148297_w2_0', '385200508#2_2', ':53148297_w1_0', '385200508#2_1', ':53148297_w3_0']","[32.0, 32.0, 0, 32.0, 0, 32.0, 0, 32.0, 0]"
53148299,False,87,"['385200507#2_2', ':53148299_w0_0', '621426647#0_1', '385200507#2_1', ':53148299_w1_0', '385200507#2_3', ':53148299_w2_0', ':53148299_w3_0', '621426647#0_2', '-22927963#1_1']","[41.0, 41.0, 38.0, 41.0, 38.0, 41.0, 41.0, 38.0, 38.0, 41.0]"
53148302,False,87,"['22927963#6_2', ':53148302_w3_0', '22927963#6_1', '-22927963#9_1', ':53148302_w1_0', '352323448#1_2', ':53148302_w2_0', ':53148302_w0_0', '352323448#1_1']","[48.0, 31.0, 48.0, 48.0, 31.0, 31.0, 48.0, 48.0, 31.0]"
53155393,False,23,"[':53155393_w1_0', '428294122#3_1', '-6405767#1_1', ':53155393_w0_0', '428294122#3_2', ':53155393_w2_0']","[6.0, 6.0, 7.0, 7.0, 6.0, 0]"
53155395,False,39,"['22760466#2_2', ':53155395_w1_0', '22760466#2_1', ':53155395_w3_0', '6405767#6_1', '22760466#2_3', ':53155395_w2_0', '-6405767#7_1', ':53155395_w0_0']","[15.0, 7.0, 15.0, 15.0, 6.0, 4.0, 6.0, 6.0, 6.0]"
53155398,False,69,"['215869721#2_3', '215869721#2_2', '460419020#1_1', '215869721#2_1', '-460419020#2_1', ':53155398_w0_0', ':53155398_w1_0', '215869721#2_4', ':53155398_w2_0', ':53155398_w3_0']","[40.0, 40.0, 20.0, 40.0, 20.0, 20.0, 40.0, 40.0, 20.0, 40.0]"
53155723,False,36,"[':53155723_w0_0', ':53155723_w1_0', '428246222_1', 'gneE147_1', 'gneE147_2', ':53155723_w4_0', 'gneE145.49_2', 'gneE145.49_1', ':53155723_w3_0']","[10.0, 37.0, 10.0, 42.0, 42.0, 37.0, 42.0, 42.0, 10.0]"
53155724,False,40,"[':53155724_w0_0', 'gneE148_1', 'gneE148_2', '-428246215#1_2', '497765748#0_2', '-428246215#1_1', ':53155724_w1_0', '497765748#0_1', ':53155724_w3_0', '497765748#0_3']","[14.0, 34.0, 34.0, 34.0, 19.0, 34.0, 30.0, 19.0, 14.0, 19.0]"
53155725,False,45,"[':53155725_w2_0', ':53155725_w0_0', 'gneE717_1', '428246212#0_1', ':53155725_w3_0', '428246212#0_2', ':53155725_w1_0', '519441947#0_1', '-8111114#1_1', '519441947#0_2']","[10.0, 10.0, 15.0, 39.0, 34.0, 39.0, 34.0, 39.0, 15.0, 39.0]"
53155726,False,44,"[':53155726_w3_0', 'gneE735_1', '-6462035#1_1', '-519441952#1_1', ':53155726_w0_0', '-519441952#1_2', '519441950#0.45_2', '519441950#0.45_1', ':53155726_w1_0']","[30.0, 14.0, 14.0, 35.0, 10.0, 35.0, 35.0, 35.0, 30.0]"
53155727,False,44,"['-519441950#2.78_1', ':53155727_w3_0', 'gneE719_1', ':53155727_w2_0', ':53155727_w0_0', '-635477814_1', '-8111112#1_1', '-519441950#2.78_2', '-635477814_2', ':53155727_w1_0']","[39.0, 35.0, 15.0, 10.0, 10.0, 39.0, 15.0, 39.0, 39.0, 35.0]"
53155734,False,28,"['-371427803#18_2', ':53155734_w2_0', '371427803#16_2', ':53155734_w1_0', '-6497025#2_1', '-371427803#18_1', '371427803#16_1', ':53155734_w0_0']","[7.0, 0, 7.0, 7.0, 6.0, 7.0, 7.0, 6.0]"
53160852,True,3600,"[':53160852_w3_0', ':53160852_w0_0', '-240874272.42_2', '-240874272.42_3', ':53160852_w2_0', 'gneE200.41_3', 'gneE192_1', 'gneE200.41_1', 'gneE200.41_2', 'gneE200.41_4', '-240874272.42_1', 'gneE192_2']","[0, 0, 5.0, 5.0, 0, 0, 0, 0, 0, 0, 5.0, 0]"
53160854,False,90,"['428230603#0_2', ':53160854_w1_0', '428230603#0_3', '428230603#0_1', 'gneE209.31_3', ':53160854_w3_0', ':53160854_w0_0', ':53160854_w2_0', 'gneE209.31_2', 'gneE209.31_1']","[46.0, 46.0, 46.0, 46.0, 34.0, 46.0, 34.0, 34.0, 34.0, 34.0]"
53160858,False,87,"[':53160858_w0_0', '8111068#1_2', '-428227905#0_1', '-428227905#0_3', ':53160858_w2_0', '-428227905#0_2', ':53160858_w1_0', '8111068#1_1', ':53160858_w3_0']","[64.0, 16.0, 64.0, 64.0, 64.0, 64.0, 16.0, 16.0, 16.0]"
53160861,False,87,"[':53160861_c3_0', '-13866275_1', '240852322#3_2', '240852322#3_3', ':53160861_w0_0', '240852322#3_1', ':53160861_w3_0', '428227797#0_2', ':53160861_c2_0', '428227797#0_1', '428227797#0_4', '428227797#0_3', ':53160861_c0_0', ':53160861_w2_0', ':53160861_w1_0', ':53160861_c1_0']","[0, 31.0, 37.0, 40.0, 0, 37.0, 0, 32.0, 0, 32.0, 32.0, 32.0, 31.0, 32.0, 4.0, 31.0]"
53160863,False,87,"[':53160863_w3_0', '332946371#3_2', '332946371#3_1', ':53160863_w0_0', '332946371#3_3', '620595956#0_2', '620595956#0_3', ':53160863_w2_0', ':53160863_w1_0', '620595956#0_1']","[42.0, 42.0, 42.0, 37.0, 42.0, 37.0, 37.0, 37.0, 42.0, 37.0]"
53160865,False,90,"['179551718#2_3', '537447814#0.90_1', '537447814#0.90_4', ':53160865_w2_0', '537447814#0.90_3', ':53160865_w3_0', ':53160865_w0_0', '537447814#0.90_2', '179551718#2_1', '179551718#2_2', ':53160865_w1_0']","[38.0, 42.0, 42.0, 38.0, 42.0, 42.0, 15.0, 42.0, 38.0, 38.0, 42.0]"
53160869,False,87,"[':53160869_w3_0', ':53160869_w0_0', '585970945#3_2', ':53160869_w2_0', '240575237#2_1', '585970945#3_1', '240575237#2_2', '585970945#3_3', ':53160869_w1_0', '240575237#2_3']","[41.0, 38.0, 38.0, 38.0, 41.0, 38.0, 41.0, 38.0, 41.0, 41.0]"
53160871,False,87,"[':53160871_w3_0', ':53160871_w0_0', '465797212#0_2', ':53160871_w2_0', ':53160871_w1_0', '465797212#0_1', '-38940711#1_1', '465797212#0_3', 'gneE720_1']","[29.0, 50.0, 50.0, 50.0, 29.0, 50.0, 29.0, 50.0, 29.0]"
53160874,False,69,"[':53160874_w1_0', '62206854#4_3', '465797215#1_3', '62206854#4_2', ':53160874_w3_0', '465797215#1_1', ':53160874_w0_0', ':53160874_w2_0', '465797215#1_2', '62206854#4_1']","[34.0, 25.0, 34.0, 25.0, 34.0, 34.0, 25.0, 25.0, 34.0, 25.0]"
53160878,False,105,"[':53160878_w1_0', '239827009#1_1', ':53160878_w0_0', '22927959#0.43_1', ':53160878_w3_0', '239827009#1_2', '239827009#1_3', '22927959#0.43_3', '239827009#1_4', '22927959#0.43_2', ':53160878_w2_0']","[36.0, 36.0, 63.0, 63.0, 0, 36.0, 36.0, 63.0, 36.0, 63.0, 63.0]"
53163482,False,87,"['-337668916#3_1', '337668916#2_1']","[80.0, 80.0]"
53166776,False,87,"['-428098978_1', ':53166776_w3_0', ':53166776_w2_0', '-6414229#10_1', ':53166776_w0_0', ':53166776_w1_0', '6414229#9_1', '428098979_1', '-428098978_2', '428098979_2']","[37.0, 32.0, 31.0, 36.0, 31.0, 32.0, 36.0, 37.0, 45.0, 45.0]"
53166903,False,87,"['-560113172#0_1', '-332223485#1_1', ':53166903_w0_0', 'gneE393.28_2', ':53166903_w2_0', 'gneE393.28_1', ':53166903_w1_0']","[26.0, 26.0, 21.0, 26.0, 21.0, 26.0, 42.0]"
53168043,True,3600,"[':53168043_w1_0', ':53168043_w0_0', '22927950#2_2', '22927950#2_1', '-61032261#0_1', ':53168043_w3_0', ':53168043_w2_0', '531922150#5_1', '-332585572#1_1']","[0, 0, 7.0, 7.0, 14.0, 14.0, 0, 14.0, 0]"
53168922,False,54,"['-508340468#1_1', '6457702#3_1', '-8111111#0_1', '-508340468#1_2', ':53168922_w0_0', ':53168922_w2_0', ':53168922_w3_0', '460423539#0_1', ':53168922_w1_0']","[22.0, 22.0, 22.0, 22.0, 22.0, 22.0, 22.0, 22.0, 22.0]"
53168924,False,54,"['460423541#0_1', '-6415868#0_1', ':53168924_w1_0', '-460423539#2_1', ':53168924_w3_0', ':53168924_w0_0', '-65588116#1_1', ':53168924_w2_0']","[19.0, 25.0, 25.0, 25.0, 25.0, 19.0, 19.0, 19.0]"
53168932,False,87,"[':53168932_w1_0', '-6415868#6_1', ':53168932_c0_0', '158612542#6_1', ':53168932_c2_0', '6415868#5_1', ':53168932_w0_0', ':53168932_c3_0', '-158612542#8_1', ':53168932_c1_0', ':53168932_w3_0', ':53168932_w2_0']","[36.0, 40.0, 36.0, 40.0, 0, 40.0, 0, 0, 40.0, 36.0, 0, 36.0]"
53184111,False,87,"['6428348#2_1', '428243309#0_1', ':53184111_w0_0', '428243309#0_3', ':53184111_w1_0', '6428348#2_2', ':53184111_w3_0', ':53184111_w2_0', '428243309#0_2']","[31.0, 47.0, 31.0, 47.0, 47.0, 31.0, 28.0, 31.0, 47.0]"
53184112,False,87,"['462696723#0_1', '-532864853#2_1', ':53184112_w0_0', ':53184112_w3_0', '462696723#0_2', ':53184112_w1_0', '462696720#0_2', '462696720#0_1', ':53184112_w2_0', '-532864853#2_2']","[30.0, 49.0, 30.0, 49.0, 30.0, 49.0, 49.0, 49.0, 30.0, 49.0]"
53184113,False,50,"['428243943#8_1', '428243943#8_3', ':53184113_w1_0', ':53184113_w3_0', '428243943#8_2', '191144466#6_2', '428243943#8_4', ':53184113_w0_0', ':53184113_w2_0', '191144466#6_1']","[6.0, 6.0, 14.0, 14.0, 6.0, 7.0, 6.0, 15.0, 15.0, 7.0]"
53184114,False,87,"['6508961#3_3', ':53184114_w0_0', ':53184114_w1_0', '191144466#4_3', ':53184114_w3_0', '6508961#3_2', ':53184114_w2_0', '6508961#3_1', '191144466#4_1', '191144466#4_2']","[33.0, 46.0, 33.0, 46.0, 33.0, 33.0, 46.0, 33.0, 46.0, 46.0]"
53184115,False,80,"[':53184115_w0_0', 'gneE517.55_1', ':53184115_w1_0', ':53184115_w2_0', 'gneE523_3', 'gneE520_1', 'gneE517.55_0', 'gneE523_2', 'gneE523_1', '-13726933_1', 'gneE520_2', 'gneE520_3', ':53184115_w3_0']","[7.0, 7.0, 7.0, 7.0, 7.0, 7.0, 7.0, 7.0, 7.0, 7.0, 7.0, 7.0, 0]"
53184116,False,100,"['gneE537_1', 'gneE534_1', 'gneE537_2', 'gneE534_2', 'gneE539_1', 'gneE532_1']","[62.0, 62.0, 62.0, 62.0, 28.0, 28.0]"
53184117,False,100,"['-338073583#9_1', ':53184117_w3_0', ':53184117_w0_0', '338073583#6_1', ':53184117_w1_0', '428227899#0_1', '-428227865#1_1', '428227899#0_2', ':53184117_w2_0', '-428227865#1_2', '-428227865#1_3']","[31.0, 31.0, 60.0, 31.0, 31.0, 60.0, 60.0, 60.0, 60.0, 60.0, 60.0]"
53184118,False,76,"['428227833#0_1', '428230982#0_3', '-428227822#1_3', '428230982#0_1', ':53184118_w1_0', ':53184118_w0_0', '-428230992#1_3', '-428227822#1_2', ':53184118_w2_0', '-428230992#1_1', '428230982#0_2', ':53184118_w3_0', '-428227822#1_1', '428227833#0_3', '428227833#0_2', '-428230992#1_2']","[15.0, 5.0, 4.0, 14.0, 14.0, 15.0, 5.0, 15.0, 15.0, 14.0, 14.0, 14.0, 15.0, 5.0, 15.0, 14.0]"
53184119,False,97,"['428227803_3', ':53184119_w0_0', '-428227847_3', '-428227847_1', '428227803_1', '-532166311#10_1', '532166311#9_1', ':53184119_w1_0', '428227803_2', ':53184119_w2_0', ':53184119_w3_0', '-428227847_2']","[66.0, 66.0, 66.0, 66.0, 66.0, 24.0, 24.0, 24.0, 66.0, 66.0, 24.0, 66.0]"
53184120,False,97,"['-428089353_2', ':53184120_w0_0', '428227812_1', '-6511397#0_1', '-428089353_1', '-428089353_3', '51969309_1', ':53184120_w1_0', ':53184120_w3_0', ':53184120_w2_0', '428227812_2', '428227812_3']","[71.0, 71.0, 71.0, 19.0, 71.0, 71.0, 19.0, 19.0, 19.0, 71.0, 71.0, 71.0]"
53184121,False,29,"['-428089351_3', '428089352_1', ':53184121_w3_0', ':53184121_w0_0', '-293753570#1_1', ':53184121_w2_0', '428089352_2', '-428089351_2', '-428089351_1', '293753570#0_1', ':53184121_w1_0']","[6.0, 6.0, 6.0, 6.0, 6.0, 6.0, 6.0, 6.0, 6.0, 6.0, 6.0]"
53187904,False,87,"[':53187904_w3_0', '130308599#1_1', ':53187904_w0_0', '560116317#1_2', '130308599#1_2', '560116317#1_1', '130308599#1_3', ':53187904_w1_0', ':53187904_w2_0', '560116317#1_3']","[45.0, 30.0, 30.0, 45.0, 30.0, 45.0, 30.0, 45.0, 30.0, 45.0]"
53187905,False,87,"[':53187905_w1_0', '130308598#0_2', ':53187905_w2_0', '-206883229#2.84_1', '-206883229#2.84_3', '-500805371#1_1', '465991370#0_1', ':53187905_w3_0', ':53187905_w0_0', '-206883229#2.84_2', '465991370#0_2', '130308598#0_3', '130308598#0_1']","[40.0, 39.0, 39.0, 40.0, 40.0, 39.0, 40.0, 40.0, 39.0, 40.0, 40.0, 39.0, 39.0]"
53187906,False,87,"['584910546#0_4', '584910546#0_2', '512250646#5_3', ':53187906_w0_0', '512250646#5_2', ':53187906_w1_0', ':53187906_w3_0', ':53187906_w2_0', '584910546#0_3', '584910546#0_1', '512250646#5_1']","[41.0, 41.0, 38.0, 38.0, 38.0, 41.0, 41.0, 38.0, 41.0, 41.0, 38.0]"
53187907,False,75,"['gneE759_0', '512250646#4_3', '6483622#0_1', '512250646#4_2', '512250646#4_1']","[20.0, 45.0, 20.0, 45.0, 45.0]"
53187908,True,3600,"[':53187908_w2_0', '391421571#1_2', '428087142#2_2', '428087142#2_1', '391421571#1_1', '428087142#2_3', ':53187908_w1_0', '428087142#2_4', ':53187908_w3_0', ':53187908_w0_0']","[0, 37.0, 37.0, 37.0, 37.0, 37.0, 37.0, 37.0, 0, 0]"
53187909,False,87,"[':53187909_w1_0', ':53187909_w2_0', ':53187909_w3_0', '621426646#2_1', '621426646#2_2', '621426646#2_3', '163419192#0_2', '621426646#2_4', '163419192#0_1', ':53187909_w0_0']","[24.0, 55.0, 24.0, 55.0, 55.0, 55.0, 24.0, 55.0, 24.0, 55.0]"
53187910,False,87,"[':53187910_w0_0', '500805368#2_2', ':53187910_w1_0', '500805368#2_1', '500805368#2_3', '500805368#2_4', ':53187910_w2_0', ':53187910_w3_0', '651668437#2_1']","[59.0, 59.0, 20.0, 59.0, 59.0, 59.0, 59.0, 20.0, 20.0]"
53187911,False,105,"['-428237333_1', '500805367#0_1', '500805367#0_2', '500805367#0_3', '240455063#5_1', '240455063#5_2', ':53187911_w1_0', ':53187911_w2_0', ':53187911_w3_0', ':53187911_w0_0', '-428237333_3', '500805367#0_4', '-428237333_2']","[54.0, 43.0, 43.0, 43.0, 32.0, 32.0, 54.0, 43.0, 32.0, 43.0, 18.0, 43.0, 54.0]"
53187912,False,109,"['169508519#3_1', ':53187912_w0_0', '6432745#2_4', '6432745#2_2', '6432745#2_3', ':53187912_w1_0', 'gneE750_1', ':53187912_w2_0', ':53187912_w3_0', '6432745#2_1']","[40.0, 60.0, 60.0, 60.0, 60.0, 40.0, 40.0, 60.0, 40.0, 60.0]"
53187913,True,3600,"[':53187913_w2_0', '6433848#2_1', '621898656#0_3', '246234860#0_1', ':53187913_w3_0', '246234860#0_2', ':53187913_w0_0', '621898656#0_1', '621898656#0_2']","[0, 0, 30.0, 0, 0, 0, 0, 30.0, 30.0]"
53189262,False,46,"[':53189262_w0_0', '-428244925_3', '109918321#1_3', '109918321#1_1', '102917976#1_2', '102917976#1_3', '-428244925_2', ':53189262_w1_0', '-428244933_2', ':53189262_w2_0', '102917976#1_1', ':53189262_w3_0', '-428244925_1', '109918321#1_2', '-428244933_1']","[20.0, 20.0, 20.0, 20.0, 29.0, 37.0, 20.0, 29.0, 37.0, 20.0, 37.0, 29.0, 20.0, 20.0, 37.0]"
53189264,False,70,"['gneE476_0', '55698445#2_1', '428244930_1', '8097307#7_1', ':cluster_53189264_699945786_w1_0', '428244930_2', ':cluster_53189264_699945786_w0_0', ':cluster_53189264_699945786_w4_0']","[21.0, 21.0, 20.0, 9.0, 32.0, 20.0, 9.0, 0]"
53189615,False,69,"['6434798#0_2', '6509620#4.13_2', ':53189615_w0_0', ':53189615_w1_0', ':53189615_w3_0', '-206883227#3_1', ':53189615_w2_0', '6509620#4.13_1', '6434798#0_1']","[35.0, 25.0, 25.0, 35.0, 35.0, 25.0, 25.0, 25.0, 35.0]"
53189617,False,31,"['-14212662#2_1', ':53189617_w0_0', '22927871#0_1', '-14212662#2_2', ':53189617_w2_0', ':53189617_w1_0', '22927871#0_2', '6475768_1']","[6.0, 6.0, 15.0, 6.0, 6.0, 0, 15.0, 7.0]"
53190095,False,65,"[':53190095_w2_0', ':53190095_w0_0', '-422748214#2_1', '578105516#1_1', ':53190095_w3_0', ':53190095_w1_0', '6435402#4_2', '6435402#4_1', '-422748215#2_2', '-422748215#2_1']","[20.0, 20.0, 25.0, 25.0, 30.0, 30.0, 35.0, 35.0, 35.0, 35.0]"
53190096,False,87,"['-42005979#1_1', '-422748216#1_1', '422748212#8_1', ':53190096_w1_0', '422748215#0_2', '422748215#0_1', ':53190096_w2_0', '-422748216#1_2', ':53190096_w3_0', ':53190096_w0_0']","[40.0, 40.0, 40.0, 36.0, 40.0, 40.0, 36.0, 40.0, 36.0, 36.0]"
53193188,False,87,"['6447455#0_1', ':53193188_w3_0', ':53193188_w2_0', '-6447455#2_1', ':53193188_w1_0', '158612542#4_1', ':53193188_w0_0', '-158612542#7_1']","[40.0, 36.0, 36.0, 40.0, 36.0, 40.0, 36.0, 40.0]"
53194068,False,87,"['6439301#9_1', ':53194068_w0_0', ':53194068_w1_0', ':53194068_w2_0', '6439301#9_3', '6439301#9_2']","[76.0, 76.0, 4.0, 4.0, 76.0, 76.0]"
53194069,False,40,"['240457597#0_3', '6439301#13_1', '-428237358#1_2', ':53194069_w3_0', ':53194069_w1_0', ':53194069_w0_0', ':53194069_w2_0', '-428237358#1_1', '240457597#0_2', '240457597#0_1', '6439301#13_2', '6439301#13_3']","[7.0, 6.0, 6.0, 17.0, 6.0, 6.0, 6.0, 6.0, 17.0, 17.0, 6.0, 6.0]"
53194070,False,33,"[':53194070_w1_0', ':53194070_w3_0', '-169508519#5_1', ':53194070_w2_0', '6439301#17_2', '6439301#17_3', '169508519#1_1', '6439301#17_1', ':53194070_w0_0', '6439301#17_4']","[7.0, 7.0, 7.0, 7.0, 7.0, 7.0, 7.0, 7.0, 7.0, 7.0]"
53194991,True,3600,"[':53194991_w0_0', '-428222354#1_2', ':53194991_w2_0', '649725824#3_1', '-428222354#1_1', '649725824#3_3', ':53194991_w4_0', '-428222354#1_3', '245017032#0_2', '-428222354#1_4', '245017033#0_2', '245017032#0_1', ':53194991_w1_0', '245017033#0_1', '649725824#3_2']","[0, 0, 0, 0, 0, 0, 0, 0, 18.0, 0, 18.0, 18.0, 0, 18.0, 0]"
53198512,True,3600,"['-170178099#0_1', '428342323#1_2', '-428222834_2', '-428222834_1', '57717602#2_0', ':53198512_w1_0', ':53198512_w2_0', '428342323#1_1', '-170178099#0_2', '428342323#1_3', ':53198512_w0_0', '-428222834_3']","[28.0, 28.0, 28.0, 28.0, 28.0, 0, 0, 0, 0, 28.0, 0, 28.0]"
53198834,False,87,"['332223485#1.68_2', ':53198834_w2_0', '-6477644#0_1', ':53198834_w0_0', '332223485#1.68_1', '-676657448_1', ':53198834_w1_0']","[26.0, 42.0, 26.0, 21.0, 26.0, 26.0, 42.0]"
53200375,False,87,"['gneE493_3', '428244384#0_2', 'gneE493_2', ':53200375_w2_0', '428244384#0_4', '428244384#0_1', '428244384#0_3', ':53200375_w1_0', ':53200375_w3_0', ':53200375_w0_0', 'gneE493_1']","[38.0, 40.0, 38.0, 25.0, 40.0, 40.0, 40.0, 40.0, 40.0, 38.0, 38.0]"
53200376,False,35,"['-421777784#2_2', ':53200376_w3_0', '533094613#0_3', ':53200376_w2_0', '533094613#0_1', ':53200376_w0_0', ':53200376_w1_0', '-458064438#2.47_1', '-458064438#2.47_2', '-421777784#2_1', '533094613#0_2']","[7.0, 7.0, 6.0, 6.0, 6.0, 6.0, 7.0, 7.0, 7.0, 7.0, 6.0]"
53200377,False,87,"['22927968#2_4', '163419189#1.58_3', ':53200377_w1_0', '22927968#2_3', '22927968#2_2', ':53200377_w2_0', '22927968#2_1', '163419189#1.58_2', ':53200377_w3_0', '163419189#1.58_1', ':53200377_w0_0']","[30.0, 49.0, 49.0, 30.0, 30.0, 30.0, 30.0, 49.0, 49.0, 49.0, 30.0]"
53200378,False,87,"['465797045#2_1', '617433069#0_2', '617433069#0_1', '465797045#2_2', ':53200378_w1_0', ':53200378_w3_0', ':53200378_w0_0', '617433069#0_3', '465797045#2_3', ':53200378_w2_0']","[31.0, 48.0, 48.0, 31.0, 48.0, 48.0, 31.0, 48.0, 31.0, 31.0]"
53200379,False,59,"[':53200379_w1_0', 'gneE510_2', '-540060732#1_1', ':53200379_w3_0', '6456584#4_1', '-169510045#0_1', 'gneE510_1', ':53200379_w2_0', ':53200379_w0_0']","[19.0, 31.0, 31.0, 19.0, 19.0, 19.0, 31.0, 31.0, 31.0]"
53200381,False,97,"['gneE554_2', ':53200381_w0_0', 'gneE544_3', ':53200381_w3_0', 'gneE544_1', 'gneE550_1', 'gneE554_1', 'gneE550_2', 'gneE550_3', 'gneE551_1', ':53200381_w2_0', 'gneE544_2', ':53200381_w1_0']","[34.0, 34.0, 55.0, 55.0, 55.0, 55.0, 34.0, 55.0, 55.0, 34.0, 34.0, 55.0, 55.0]"
53200538,False,37,"['-gneE31_1', ':53200538_c2_0', '-gneE32_2', ':53200538_w1_0', '240455065#1_2', '-gneE31_2', ':53200538_w0_0', ':53200538_w3_0', ':53200538_c0_0', 'gneE15_1', ':53200538_c1_0', '240455065#1_1', 'gneE15_2', ':53200538_c3_0', ':53200538_w2_0', '-gneE32_1']","[6.0, 0, 16.0, 7.0, 6.0, 6.0, 0, 0, 6.0, 7.0, 17.0, 6.0, 7.0, 0, 0, 16.0]"
53200831,False,31,"['568586003_2', ':53200831_w1_0', 'gneE567_1', '-460423541#1_1', '-568586005_2', ':53200831_w3_0', ':53200831_w0_0', '568586003_1', ':53200831_w2_0', '-568586005_1']","[13.0, 6.0, 7.0, 7.0, 13.0, 13.0, 7.0, 13.0, 7.0, 6.0]"
53201468,False,39,"['6515422#1_1', ':53201468_w1_0', ':53201468_w0_0', ':53201468_w2_0', ':53201468_w3_0', '215869727#0_3', '215869727#0_1', '215869727#0_2']","[6.0, 7.0, 6.0, 6.0, 15.0, 4.0, 15.0, 15.0]"
53203464,False,38,"['428243312#0_2', '620762215#1_2', '428243312#0_1', ':53203464_w0_0', ':53203464_w2_0', '620762215#1_1', '428243312#0_3', ':53203464_w3_0', ':53203464_w1_0']","[15.0, 7.0, 15.0, 7.0, 7.0, 7.0, 15.0, 15.0, 6.0]"
53203465,False,40,"['13516936#1_2', '401075686#0_3', '401075686#0_1', ':53203465_w1_0', ':53203465_w2_0', '401075686#0_2', ':53203465_w3_0', '13516936#1_1', 'gneE757_1', '401075686#0_4', ':53203465_w0_0']","[6.0, 15.0, 15.0, 7.0, 6.0, 15.0, 15.0, 6.0, 6.0, 15.0, 6.0]"
53203466,False,87,"['428244385#0_1', '532243336#2_1', '-43150458#2_1', '428244385#0_3', ':53203466_w1_0', ':53203466_w2_0', ':53203466_w3_0', '532243336#2_2', ':53203466_w0_0', '428244385#0_2', '532243336#2_3']","[41.0, 37.0, 19.0, 41.0, 41.0, 19.0, 27.0, 14.0, 37.0, 41.0, 14.0]"
53203467,False,87,"[':53203467_w2_0', '428243133#0_1', '240704054#2_2', '240704054#2_1', ':53203467_w1_0', ':53203467_w0_0', ':53203467_w3_0', '428243133#0_2', '428243133#0_3']","[27.0, 51.0, 27.0, 27.0, 51.0, 27.0, 37.0, 51.0, 51.0]"
53203468,False,69,"['617436201#0_1', '617436201#0_2', '239939822#2_2', ':53203468_w2_0', '617436201#0_3', '239939822#2_1', ':53203468_w1_0', ':53203468_w0_0', ':53203468_w3_0']","[42.0, 42.0, 18.0, 18.0, 42.0, 18.0, 42.0, 18.0, 42.0]"
53203470,False,69,"[':53203470_w2_0', ':53203470_w3_0', '370785082#1_2', '370785082#1_1', ':53203470_w0_0', '22760466#4.54_2', ':53203470_w1_0', '22760466#4.54_1', '-351500651#0_1']","[22.0, 38.0, 22.0, 22.0, 22.0, 38.0, 38.0, 38.0, 22.0]"
53203471,False,69,"[':53203471_w1_0', '671432783_2', ':53203471_w2_0', '671432783_1', ':53203471_w3_0', ':53203471_w0_0', '546094876#2_1']","[38.0, 38.0, 22.0, 38.0, 38.0, 22.0, 22.0]"
53205238,False,87,"['-332187362_2', ':53205238_w2_0', '-332187362_1', '360589220_1', '245265273#1_0', ':53205238_w1_0', ':53205238_w0_0', '360589220_2', ':53205238_w3_0']","[40.0, 36.0, 40.0, 40.0, 40.0, 36.0, 36.0, 40.0, 36.0]"
53205952,False,87,"['-532243339#2_2', '620595955#3_2', '620595955#3_3', '620595955#3_1', ':53205952_w0_0', '370819899#0.32_1', ':53205952_w3_0', '-532243339#2_1', ':53205952_w2_0', '370819899#0.32_2', ':53205952_w1_0']","[45.0, 34.0, 34.0, 34.0, 34.0, 45.0, 45.0, 45.0, 34.0, 45.0, 45.0]"
53205953,False,87,"['296070145#2.44_2', '296070145#2.44_3', ':53205953_w2_0', '296070145#2.44_1', '580425582#0.91_3', ':53205953_w1_0', ':53205953_w3_0', '580425582#0.91_2', '580425582#0.91_1', '296070145#2.44_4', ':53205953_w0_0']","[29.0, 29.0, 29.0, 29.0, 46.0, 46.0, 46.0, 46.0, 46.0, 29.0, 29.0]"
53205954,False,116,"['524888104#0.90_3', '524888104#0.90_2', ':53205954_w3_0', '679642593#2_1', '679642593#2_2', ':53205954_w2_0', '524888104#0.90_1', '679642593#2_4', ':53205954_w1_0', '679642593#2_3', ':53205954_w0_0']","[30.0, 30.0, 30.0, 77.0, 77.0, 19.0, 30.0, 77.0, 30.0, 77.0, 77.0]"
53205955,True,3600,"[':53205955_w2_0', ':53205955_w1_0', ':53205955_w3_0', '428248106#0_1', '426055964_3', ':53205955_w0_0', '426055964_1', '426055964_2', '-169510047_1']","[0, 37.0, 0, 37.0, 37.0, 0, 37.0, 37.0, 37.0]"
53205958,False,26,"['-532416974_1', '532416980_1', '6453045_1', ':53205958_w0_0', ':53205958_w3_0', '532416980_2', '-332187358_1', ':53205958_w1_0', '-332187358_2', ':53205958_w2_0']","[7.0, 7.0, 7.0, 7.0, 7.0, 7.0, 7.0, 7.0, 7.0, 7.0]"
53207669,True,3600,"['69200848#1_1', ':53207669_w1_0', ':53207669_w3_0', '69200848#1_2', ':53207669_w0_0', ':53207669_w2_0', '-263672096#1_1', '332963117_1']","[0, 7.0, 7.0, 0, 7.0, 0, 7.0, 7.0]"
53208296,True,3600,"['-546108830#1_1', ':53208296_w1_0', '176023072#6_1', ':53208296_w2_0', ':53208296_w3_0', '174870950#3_1', ':53208296_w0_0', '-6455934#1_1']","[30.0, 0, 30.0, 0, 0, 30.0, 0, 30.0]"
53208938,False,43,"['-385042380#0_1', 'gneE527_1', 'gneE525_1', ':53208938_w1_0', 'gneE530_1', ':53208938_w2_0', 'gneE530_2', ':53208938_w3_0', ':53208938_w0_0', 'gneE527_2']","[6.0, 7.0, 6.0, 6.0, 7.0, 7.0, 7.0, 6.0, 7.0, 7.0]"
53208941,False,83,"[':53208941_w1_0', ':53208941_w2_0', '8111066#0_2', '22760470#1_1', ':53208941_w3_0', ':53208941_w0_0', '8111066#0_1', '22760470#1_2']","[31.0, 44.0, 31.0, 44.0, 31.0, 44.0, 31.0, 44.0]"
53209659,False,87,"['428341106#0_1', ':53209659_w3_0', ':53209659_w0_0', '428341106#0_2', ':53209659_w1_0', '-42005979#15_1', '-179222048#1_3', '-179222048#1_2', '42005979#12_1', '428341106#0_3', ':53209659_w2_0', '-179222048#1_1']","[37.0, 32.0, 31.0, 37.0, 32.0, 36.0, 45.0, 37.0, 36.0, 45.0, 31.0, 37.0]"
53209761,False,52,"['-436163947#2_1', ':53209761_w3_0', '256993082#4_1', ':53209761_w2_0', '-436163947#2_2', ':53209761_w1_0', '182891397#0_1', '182891397#0_2', ':53209761_w0_0', '-6508650#1_0']","[7.0, 6.0, 6.0, 7.0, 7.0, 6.0, 7.0, 7.0, 7.0, 6.0]"
53209840,False,28,"['-6476922#1_2', '440890310_1', ':53209840_w1_0', '-6465162#2_2', '-6457806#1_2', ':53209840_w3_0', ':53209840_w0_0', '-6465162#2_1', '-6457806#1_3', ':53209840_w2_0', '-6457806#1_1', '-6476922#1_1']","[7.0, 7.0, 7.0, 7.0, 7.0, 7.0, 7.0, 7.0, 7.0, 7.0, 7.0, 7.0]"
53209848,False,81,"['-428088903_1', '-428231018_1', '-428231018_2', '-428231560_3', '158612543_2', ':53209848_w3_0', '-428231018_3', '-428088903_2', '158612543_3', ':53209848_w0_0', '-428231560_2', '158612543_1', '-428231560_1', '-428088903_3', ':53209848_w2_0', ':53209848_w1_0']","[9.0, 10.0, 10.0, 10.0, 10.0, 10.0, 8.0, 9.0, 8.0, 9.0, 12.0, 10.0, 12.0, 7.0, 12.0, 10.0]"
53209849,False,26,"['-369877030_3', ':53209849_w3_0', '-369877031#1_1', '369877034#0_1', ':53209849_w1_0', '263672156#6_1', '369877034#0_2', '-369877030_1', '-369877030_2', '369877034#0_3', ':53209849_w0_0', ':53209849_w2_0']","[7.0, 7.0, 7.0, 7.0, 7.0, 7.0, 7.0, 7.0, 7.0, 7.0, 7.0, 7.0]"
53209850,False,26,"[':53209850_w3_0', ':53209850_w1_0', '-532416982_1', '6462029#3_1', ':53209850_w2_0', '-532416982_2', ':53209850_w0_0', '332187358_2', '-6462029#4_1', '332187358_1', '6462029#3_2']","[7.0, 7.0, 7.0, 7.0, 7.0, 7.0, 7.0, 7.0, 7.0, 7.0, 7.0]"
53213413,False,87,"['458064438#1_2', ':53213413_w1_0', ':53213413_w3_0', '-671432782#1_1', '240852320#0_1', '240852320#0_2', '458064438#1_1', '-671432782#1_2', ':53213413_w2_0', ':53213413_w0_0']","[54.0, 54.0, 54.0, 54.0, 23.0, 23.0, 54.0, 54.0, 23.0, 23.0]"
53213414,False,87,"['620595348#1.46_3', ':53213414_w3_0', '620595348#1.46_1', '620595348#1.46_4', ':53213414_w2_0', ':53213414_w0_0', '240852321#3_2', ':53213414_w1_0', '620595348#1.46_2', '240852321#3_1']","[52.0, 52.0, 52.0, 52.0, 27.0, 27.0, 27.0, 38.0, 52.0, 27.0]"
53213415,False,90,"['62412697#3_2', '62412697#3_4', ':53213415_w2_0', ':53213415_w3_0', ':53213415_w0_0', '62412697#3_3', '62412697#3_1', ':53213415_w1_0', '617433067#0.80_3', '617433067#0.80_2', '617433067#0.80_1']","[39.0, 39.0, 39.0, 41.0, 39.0, 39.0, 39.0, 41.0, 41.0, 41.0, 41.0]"
53213822,False,87,"['460425665#0_1', ':53213822_w0_0', '460425665#0_2', '543426333#0.46_3', ':53213822_w1_0', '-460423529#1_2', '543426333#0.46_2', ':53213822_w2_0', ':53213822_w3_0', '-460423529#1_1', '543426333#0.46_1']","[49.0, 30.0, 49.0, 30.0, 49.0, 49.0, 30.0, 30.0, 49.0, 49.0, 30.0]"
53213823,False,87,"['8111110#0.68_2', ':53213823_w0_0', ':53213823_w3_0', '173554614#0_1', ':53213823_w2_0', '173554614#0_2', '8111110#0.68_1', ':53213823_w1_0', '173554614#0_3']","[33.0, 33.0, 46.0, 46.0, 33.0, 46.0, 33.0, 46.0, 46.0]"
53213824,False,36,"['465797042#0.53_1', ':53213824_w2_0', '465797042#0.53_3', '465797042#0.53_2', '179551718#6_2', ':53213824_w0_0', ':53213824_w3_0', '179551718#6_1']","[7.0, 7.0, 7.0, 7.0, 15.0, 15.0, 7.0, 15.0]"
53213825,True,3600,"['6484406#0_1', ':53213825_w0_0', '585970944#1.51_3', ':53213825_w2_0', ':53213825_w3_0', ':53213825_w1_0', '585970944#1.51_2', '585970944#1.51_1', '6484406#0_2', '-585950274#1_1']","[0, 22.0, 0, 0, 22.0, 0, 0, 0, 0, 0]"
53214121,False,87,"['-428246435_2', ':53214121_w1_0', '331930455#2_2', '-6463013_1', '331930455#2_1', ':53214121_w0_0', '-428246435_1', ':53214121_w3_0', ':53214121_w2_0', '428246434_1']","[19.0, 27.0, 17.0, 19.0, 17.0, 29.0, 19.0, 27.0, 29.0, 19.0]"
53215161,False,87,"['-428098980_2', ':53215161_w0_0', ':53215161_w2_0', '428098984_1', '428098984_2', ':53215161_w3_0', ':53215161_w1_0', '-428098980_1', '621283351#0_1', '-6464391#0_1']","[45.0, 31.0, 31.0, 37.0, 45.0, 32.0, 32.0, 37.0, 36.0, 36.0]"
53217375,False,87,"['gneE475_2', ':53217375_w1_0', ':53217375_w3_0', 'gneE470_1', 'gneE475_1', 'gneE469_2', 'gneE472_1', ':53217375_w0_0', ':53217375_w2_0', 'gneE472_2', 'gneE475_3', 'gneE470_2', 'gneE469_1']","[17.0, 29.0, 29.0, 19.0, 17.0, 19.0, 19.0, 27.0, 41.0, 19.0, 17.0, 19.0, 19.0]"
53220994,False,69,"['399134509#1_2', ':53220994_w1_0', '399134508#0_1', '399134509#1_1', '465797219#2_3', '465797219#2_2', ':53220994_w0_0', '465797219#2_1', ':53220994_w3_0', ':53220994_w2_0', '399134508#0_2']","[34.0, 34.0, 34.0, 34.0, 25.0, 25.0, 25.0, 25.0, 34.0, 25.0, 34.0]"
53220995,False,69,"[':53220995_w2_0', '540076527#2_2', '540076527#2_3', '540076527#2_4', '621426665#1_2', '621426665#1_1', ':53220995_w3_0', ':53220995_w0_0', '540076527#2_1', ':53220995_w1_0', '621426665#1_3']","[20.0, 40.0, 40.0, 40.0, 20.0, 20.0, 40.0, 20.0, 40.0, 40.0, 20.0]"
53220996,False,69,"['512249717#0_1', ':53220996_w3_0', '465797214#2_2', ':53220996_w1_0', ':53220996_w0_0', '465797214#2_1', '512249717#0_3', '465797214#2_3', ':53220996_w2_0', '512249717#0_2']","[40.0, 40.0, 20.0, 40.0, 20.0, 20.0, 40.0, 20.0, 20.0, 40.0]"
53220997,False,87,"['462696738#1_3', ':53220997_w3_0', ':53220997_w2_0', '62206854#0_1', '462696738#1_1', ':53220997_w0_0', '62206854#0_3', '462696738#1_2', '62206854#0_2', ':53220997_w1_0']","[40.0, 36.0, 36.0, 40.0, 40.0, 36.0, 40.0, 40.0, 40.0, 36.0]"
53221381,False,87,"[':53221381_w0_0', '191144465#3_1', ':53221381_w1_0', 'gneE279_1', 'gneE279_2', '532864853#0_2', '191144465#3_2', ':53221381_w2_0', ':53221381_w3_0', '532864853#0_1']","[26.0, 26.0, 53.0, 53.0, 53.0, 53.0, 26.0, 26.0, 53.0, 53.0]"
53221382,False,87,"[':53221382_w2_0', '532864852#3_1', '428243943#5_1', '428243943#5_2', ':53221382_w1_0', ':53221382_w3_0', ':53221382_w0_0', '532864852#3_2', '428243943#5_4', '428243943#5_3']","[27.0, 27.0, 52.0, 52.0, 38.0, 52.0, 27.0, 27.0, 52.0, 52.0]"
53221383,False,87,"['620762217#0.35_2', 'gneE587_1', ':53221383_w0_0', '-679636490#0.55_1', 'gneE587_2', ':53221383_w2_0', ':53221383_w3_0', ':53221383_w1_0', '620762217#0.35_1', 'gneE587_3', '620762217#0.35_3']","[36.0, 42.0, 32.0, 37.0, 42.0, 32.0, 32.0, 32.0, 36.0, 45.0, 36.0]"
53221905,False,83,"[':53221905_w1_0', 'gneE177_2', ':53221905_w3_0', 'gneE151_1', 'gneE174.23_2', 'gneE154_1', ':53221905_w2_0', 'gneE174.23_1', ':53221905_w0_0', 'gneE177_1', 'gneE154_2']","[46.0, 46.0, 46.0, 28.0, 46.0, 28.0, 28.0, 46.0, 28.0, 46.0, 28.0]"
53221906,False,87,"['gneE195_1', ':53221906_w1_0', '6522905#6_1', '6522905#6_2', ':53221906_w0_0', 'gneE157_1', 'gneE195_2', '6522905#6_4', ':53221906_w2_0', '6522905#6_3', 'gneE157_2', ':53221906_w3_0']","[28.0, 37.0, 51.0, 51.0, 28.0, 28.0, 28.0, 51.0, 28.0, 51.0, 28.0, 51.0]"
53221907,False,87,"['gneE193_2', '450919737#1.40_3', 'gneE199_2', '450919737#1.40_2', '450919737#1.40_1', ':53221907_w2_0', ':53221907_w3_0', 'gneE193_1', 'gneE199_1', ':53221907_w1_0', ':53221907_w0_0', 'gneE199_3', '-484863624#1_1']","[30.0, 38.0, 41.0, 38.0, 38.0, 30.0, 38.0, 30.0, 41.0, 38.0, 41.0, 7.0, 38.0]"
53221908,False,64,"[':53221908_w2_0', '428230639_0', ':53221908_w3_0', 'gneE526_2', '240874272.52_2', ':53221908_w1_0', '428230639_1', ':53221908_w0_0', '240874272.52_1', '428230639_2', '240874272.52_3', 'gneE526_1']","[15.0, 6.0, 0, 7.0, 15.0, 6.0, 6.0, 7.0, 15.0, 6.0, 5.0, 7.0]"
53223115,False,97,"['393047810_1', ':53223115_w1_0', '-393047811_2', '-621088608#0_2', '460421473#2_2', '460421473#2_1', '-393047811_1', '393047810_2', ':53223115_w3_0', '-621088608#0_1', ':53223115_w2_0']","[22.0, 19.0, 19.0, 41.0, 41.0, 41.0, 19.0, 22.0, 22.0, 41.0, 41.0]"
53229641,True,3600,"['-173554574#0_2', ':53229641_w1_0', '380116994#0_1', ':53229641_w3_0', '428087148#2_2', '-173554574#0_0', '-173554574#0_1', ':53229641_w2_0', '428087148#2_1', ':53229641_w0_0', '380116994#0_2']","[0, 0, 18.0, 0, 18.0, 0, 0, 0, 18.0, 0, 18.0]"
53236111,True,3600,"['88999330#1_1', '88999330#1_0', '-88999330#2_0', '-88999330#2_2', ':53236111_w1_0', '-88999330#2_1']","[0.0, 0.0, 0.0, 0.0, 0.0, 0.0]"
53236112,False,3600,"['6497025#3_1', '-6497025#4_0', '-6497025#4_1', '6497025#3_0']","[0.0, 0.0, 0.0, 0.0]"
53236113,False,3600,"['6352930#3_1', '-6352930#5_0', '-6352930#5_1', '6352930#3_0']","[0.0, 0.0, 0.0, 0.0]"
53236114,False,3600,"['6509620#3_1', '-206883227#1.42_1', '-206883227#1.42_0', '6509620#3_0']","[0.0, 0.0, 0.0, 0.0]"
53237165,False,69,"[':53237165_w1_0', '-462696721#0_2', '6515422#3_1', ':53237165_w0_0', '370785079_1', ':53237165_w3_0', ':53237165_w2_0', '-462696721#0_1', '370785079_2', '6515422#3_2']","[35.0, 35.0, 25.0, 25.0, 35.0, 35.0, 25.0, 35.0, 35.0, 25.0]"
53237166,False,69,"['-370785080#0_1', '-370785079_2', ':53237166_w3_0', '206883228#2_2', ':53237166_w2_0', ':53237166_w0_0', ':53237166_w1_0', '-370785079_1', '206883228#2_1', '-370785080#0_2']","[35.0, 35.0, 35.0, 25.0, 25.0, 25.0, 35.0, 35.0, 25.0, 35.0]"
53239580,False,87,"['-391510270_3', '-391510270_2', ':53239580_w1_0', ':53239580_w2_0', '357267680#1_2', ':53239580_w3_0', '-428087140#0_3', '357267680#1_1', '-428087140#0_2', '-367550329#1_1', ':53239580_w0_0', '-428087140#0_1', '-391510270_1']","[40.0, 32.0, 27.0, 27.0, 40.0, 27.0, 40.0, 32.0, 32.0, 40.0, 27.0, 32.0, 32.0]"
53247233,False,24,"['gneE129_1', ':53247233_w1_0', ':53247233_w3_0', 'gneE130_3', '-gneE132_1', 'gneE126_1', ':53247233_w0_0', 'gneE130_2', ':53247233_w2_0', 'gneE130_1']","[7.0, 6.0, 6.0, 6.0, 6.0, 7.0, 7.0, 6.0, 7.0, 6.0]"
53247236,False,69,"['8045965_2', '215869725#1_1', '8045965_1', ':53247236_w3_0', ':53247236_w0_0', ':53247236_w2_0', '215869725#1_2', '8045965_3', ':53247236_w1_0']","[37.0, 23.0, 37.0, 37.0, 23.0, 23.0, 23.0, 37.0, 37.0]"
53247237,False,30,"['458058813#1_3', '531902715_2', '531902715_1', '458058813#1_2', '458058813#1_1', ':53247237_w3_0', ':53247237_w1_0', ':53247237_w0_0', '531902715_3', ':53247237_w2_0']","[7.0, 7.0, 7.0, 12.0, 12.0, 7.0, 7.0, 12.0, 7.0, 12.0]"
53247506,False,30,"[':53247506_w4_0', '-371427803#12_2', ':53247506_w0_0', 'gneE482_1', ':53247506_w3_0', '239827002#0_2', 'gneE482_2', ':53247506_w1_0', '-6509620#2_1', '-371427803#12_1', '239827002#0_1']","[6.0, 6.0, 7.0, 6.0, 7.0, 7.0, 6.0, 6.0, 7.0, 6.0, 7.0]"
53247507,False,69,"['206883228#0_1', ':53247507_w2_0', '215869721#0_4', ':53247507_w1_0', '215869721#0_3', '215869721#0_1', ':53247507_w3_0', '206883228#0_2', '215869721#0_2', ':53247507_w0_0']","[23.0, 23.0, 37.0, 37.0, 37.0, 37.0, 37.0, 23.0, 37.0, 23.0]"
53251089,False,69,"['428248064#1_4', ':53251089_w0_0', '428248064#1_5', '239828328#1_1', '428248064#1_2', '428248064#1_1', ':53251089_w2_0', ':53251089_w3_0', '428248064#1_3', ':53251089_w1_0']","[37.0, 23.0, 37.0, 23.0, 37.0, 37.0, 23.0, 37.0, 37.0, 37.0]"
5606261681,False,26,"[':5606261681_w1_0', '586787209#0_2', '586787208#0_1', ':5606261681_w3_0', '586787208#0_2', ':5606261681_w2_0', ':5606261681_w0_0', '80574890#3_1', '586787209#0_1', '-22927969#0_1']","[0, 7.0, 7.0, 0, 7.0, 0, 7.0, 7.0, 7.0, 7.0]"
6336579535,False,87,"['6452315#4_1', ':6336579535_w0_0', 'gneE372_1', 'gneE372_2', ':6336579535_w1_0', 'gneE356_1', ':6336579535_w3_0', 'gneE373_2', ':6336579535_w2_0', 'gneE373_1']","[29.0, 0, 48.0, 48.0, 48.0, 29.0, 29.0, 48.0, 48.0, 48.0]"
6336579546,True,3600,"['-6499326#1_1', 'gneE741_0', '-15257627#1.57_1', 'gneE375_2', '-6499326#1_2', '-15257627#1.57_2', 'gneE375_1', '-15257627#1.57_3']","[0, 0, 0, 5.0, 0, 0, 0, 0]"
634,False,41,"['6521205#0_1', '6521205#0_2', '-6521205#2_1', '-6521205#2_2', ':cluster_gneJ375_gneJ378_w1_0']","[7.0, 7.0, 7.0, 7.0, 7.0]"
639363238,False,3600,"['-6509620#3_0', '6509620#0_0', '6509620#0_2', '-6509620#3_1']","[0.0, 0.0, 0.0, 0.0]"
639363241,False,3600,"['-6352930#3_1', '-6352930#3_0', '6352930#0_0', '6352930#0_1']","[0.0, 0.0, 0.0, 0.0]"
639363249,False,3600,"['6497025#0_1', '-6497025#3_1', '6497025#0_0', '-6497025#3_0']","[0.0, 0.0, 0.0, 0.0]"
639363251,False,3600,"['-88999330#1_2', '-88999330#1_1', '371427803#19_1', '371427803#19_0', '-88999330#1_0']","[0.0, 0.0, 0.0, 0.0, 0.0]"
764028198,False,85,"['gneE172.26_2', 'gneE175_1', ':764028198_w0_0', 'gneE175_2', 'gneE172.26_1']","[50.0, 50.0, 32.0, 50.0, 50.0]"
778619633,False,62,"['62326648_0', '133397802.24_1', '207998916_0', '207998916_1', '133397802.24_0', '62326648_1']","[15.0, 15.0, 29.0, 29.0, 56.0, 15.0]"
J14,False,59,"['pseudoMercer2_1', 'pseudoMercer2_0']","[29.0, 29.0]"
J15,False,59,"['pseudoMercer3_1', 'pseudoMercer3_0']","[29.0, 29.0]"
J6,False,81,"[':cluster30345009_30345012_w2_0', '173554582#0_1', ':cluster30345009_30345012_w4_0', ':cluster30345009_30345012_w1_0', '-242288219#1_1', '173554582#0_4', '385667403#0.81_3', ':cluster30345009_30345012_w3_0', '173554582#0_3', ':cluster30345009_30345012_w0_0', '-242288219#1_0', '332200722_2', '-242288219#1_2', '385667403#0.81_2', '385667403#0.81_1', '332200722_1', '173554582#0_2']","[30.0, 35.0, 32.0, 32.0, 36.0, 43.0, 43.0, 32.0, 35.0, 30.0, 36.0, 36.0, 36.0, 35.0, 35.0, 36.0, 35.0]"
cluster30760194_5354979853,False,41,"[':cluster30760194_5354979853_w3_0', ':cluster30760194_5354979853_w0_0', ':cluster30760194_5354979853_w1_0', '4794449#4.96_2', '4794449#4.96_1', '4794449#4.96_3', '554934685_1', '367069126.88_3', '488350047#3_1', ':cluster30760194_5354979853_w2_0', '367069126.88_2', '367069126.88_1']","[36.0, 35.0, 36.0, 41.0, 41.0, 41.0, 40.0, 41.0, 40.0, 35.0, 41.0, 41.0]"
cluster60796261_60796262,False,59,"['4755100#0.102_4', ':cluster60796261_60796262_w1_0', '4794449#3_2', '591627432#1_2', '4755100#0.102_2', ':cluster60796261_60796262_w0_0', '4794449#3_1', '-6510594#0_1', '4794449#3_4', '4755100#0.102_1', '591627432#1_1', '4755100#0.102_3', ':cluster60796261_60796262_w3_0', ':cluster60796261_60796262_w2_0', '4794449#3_3', '-6510594#0_2']","[41.0, 28.0, 32.0, 41.0, 32.0, 27.0, 32.0, 32.0, 41.0, 32.0, 32.0, 32.0, 28.0, 27.0, 32.0, 41.0]"
cluster_1710594754_53088986,False,87,"['428246211_3', '428246210_1', ':cluster_1710594754_53088986_w2_0', '322781940_2', '322781940_1', '428246210_2', ':cluster_1710594754_53088986_w1_0', ':cluster_1710594754_53088986_w4_0', '213928808#1_1', '428246210_3', ':cluster_1710594754_53088986_w0_0', '428246211_2', ':cluster_1710594754_53088986_w5_0', '428246211_1', ':cluster_1710594754_53088986_w6_0', ':cluster_1710594754_53088986_w3_0']","[45.0, 37.0, 32.0, 36.0, 36.0, 37.0, 31.0, 31.0, 36.0, 45.0, 32.0, 37.0, 32.0, 37.0, 31.0, 31.0]"
cluster_cluster_2511119195_2511119206_gneJ479,False,90,"['52840083.93_3', '264828727#1_1', '243738308_2', ':cluster_cluster_2511119195_2511119206_gneJ479_w3_0', ':cluster_cluster_2511119195_2511119206_gneJ479_w4_0', '243738308_0', '-6457582#0_1', '52840083.93_2', '243738308_1', '-6457582#0_2', '264828727#1_2', ':cluster_cluster_2511119195_2511119206_gneJ479_w2_0', ':cluster_cluster_2511119195_2511119206_gneJ479_w1_0', '52840083.93_1']","[40.0, 20.0, 10.0, 25.0, 15.0, 30.0, 20.0, 30.0, 30.0, 30.0, 30.0, 15.0, 25.0, 30.0]"
gneJ107,False,87,"['gneE225_1', 'gneE225_2', 'gneE214_2', 'gneE214_3', ':gneJ107_w0_0', ':gneJ107_w1_0', ':gneJ107_w3_0', 'gneE214_1', 'gneE214_4', ':gneJ107_w2_0']","[26.0, 26.0, 51.0, 51.0, 26.0, 38.0, 51.0, 51.0, 51.0, 26.0]"
gneJ108,False,73,"['gneE733_1', ':gneJ108_w1_0', 'gneE733_0', ':gneJ108_w2_0', '-450919737#1.43_1', 'gneE211.53_1', 'gneE222_2', 'gneE211.53_2', 'gneE222_1', ':gneJ108_w3_0', ':gneJ108_w0_0', 'gneE211.53_3', '-450919737#1.43_2']","[27.0, 44.0, 27.0, 22.0, 26.0, 27.0, 26.0, 27.0, 26.0, 44.0, 44.0, 27.0, 26.0]"
gneJ112,False,41,"['679636490#0.55.58_1', '679636490#0.55.58_2', '22927970#0_1', '22927970#0_2', ':gneJ112_w4_0', '679636490#0.55.58_3', 'gneE216_0', '22927970#0_3', '679636490#0.55.58_4', ':gneJ112_w0_0', '-gneE222_1', ':gneJ112_w1_0', ':gneJ112_w3_0']","[7.0, 7.0, 7.0, 7.0, 7.0, 7.0, 7.0, 7.0, 7.0, 7.0, 0, 17.0, 17.0]"
gneJ121,False,34,"[':gneJ121_w2_0', 'gneE236_1', '428243311#1_3', '428243311#1_2', ':gneJ121_w0_0', '428243311#1_4', '428243311#1_1', ':gneJ121_w3_0', 'gneE236_2']","[7.0, 7.0, 11.0, 11.0, 7.0, 11.0, 11.0, 11.0, 7.0]"
gneJ133,False,87,"['gneE282_1', 'gneE273_1', 'gneE273_2', ':gneJ133_w0_0', ':gneJ133_w4_0', ':gneJ133_w1_0', 'gneE282_2', 'gneE278_1', 'gneE278_2', ':gneJ133_w3_0', 'gneE278_3']","[54.0, 54.0, 54.0, 25.0, 54.0, 54.0, 54.0, 25.0, 25.0, 25.0, 25.0]"
gneJ234,False,25,"['gneE481_1', 'gneE484_2', ':gneJ234_w2_0', 'gneE481_2', 'gneE484_1']","[7.0, 7.0, 7.0, 7.0, 7.0]"
gneJ352,False,87,"[':cluster_1710594762_53129286_w0_0', '337667434_1', ':cluster_1710594762_53129286_w3_0', '332223484_1', ':cluster_1710594762_53129286_w4_0', '332223484_2', '-337667439#0_1', '213928814#1_2', ':cluster_1710594762_53129286_w2_0', '213928814#1_1', '337667434_2', ':cluster_1710594762_53129286_w1_0', ':cluster_1710594762_53129286_w5_0', '-337667439#0_2']","[20.0, 60.0, 60.0, 60.0, 20.0, 60.0, 20.0, 20.0, 20.0, 20.0, 60.0, 60.0, 20.0, 20.0]"
gneJ355,False,36,"['428294123_3', ':cluster_1942833659_244284905_w2_0', '62202244#0_2', '-332068575#0_1', '-332068575#0_0', ':cluster_1942833659_244284905_w1_0', '62202244#0_1', '428294123_2', '428294123_1']","[7.0, 7.0, 7.0, 7.0, 7.0, 7.0, 7.0, 7.0, 7.0]"
gneJ356,False,87,"['332223483_2', ':cluster_1710594758_53166871_w5_0', '6414300#1_2', ':cluster_1710594758_53166871_w4_0', 'gneE459_1', ':cluster_1710594758_53166871_w3_0', 'gneE463.142_2', 'gneE463.142_3', '6414300#1_1', 'gneE463.142_1', ':cluster_1710594758_53166871_w1_0', ':cluster_1710594758_53166871_w0_0', 'gneE459_2', ':cluster_1710594758_53166871_w2_0', '332223483_1']","[58.0, 21.0, 21.0, 21.0, 21.0, 21.0, 58.0, 58.0, 21.0, 58.0, 21.0, 58.0, 21.0, 58.0, 58.0]"
gneJ358,True,3600,"[':cluster_1710594756_53168035_w1_0', '337667435_2', '-337667440#1_1', ':cluster_1710594756_53168035_w4_0', ':cluster_1710594756_53168035_w5_0', ':cluster_1710594756_53168035_w0_0', '169468452#0_1', ':cluster_1710594756_53168035_w2_0', ':cluster_1710594756_53168035_w3_0', '169468452#0_2', '337667435_1']","[0, 37.0, 0, 37.0, 37.0, 37.0, 37.0, 37.0, 37.0, 0, 37.0]"
gneJ359,False,87,"[':cluster_1710594753_53071880_w2_0', 'gneE245_2', 'gneE78_1', '337667433#0_1', '6396663#0_2', 'gneE78_2', '6396663#0_1', ':cluster_1710594753_53071880_w1_0', ':cluster_1710594753_53071880_w5_0', ':cluster_1710594753_53071880_w3_0', ':cluster_1710594753_53071880_w4_0', '337667433#0_2', ':cluster_1710594753_53071880_w0_0', 'gneE245_1']","[24.0, 24.0, 24.0, 55.0, 55.0, 24.0, 55.0, 55.0, 24.0, 55.0, 24.0, 55.0, 24.0, 24.0]"
gneJ360,False,87,"['524888104#0_2', '524888104#0_3', '524888104#0_1']","[80.0, 80.0, 80.0]"
gneJ362,False,87,"['620595195#0_1', '620595195#0_2', '620595195#0_3']","[80.0, 80.0, 80.0]"
gneJ363,False,57,"['465797042#0_3', ':gneJ363_w0_0', 'gneE692_0', '465797042#0_2', '465797042#0_1']","[42.0, 4.0, 9.0, 42.0, 42.0]"
gneJ366,False,87,"[':cluster_1884382823_1884382824_775936191_w2_0', '-399134517#1_1', '-428087110#2_2', '-428087110#2_1', '173554574#1_1', '-399134517#1_2', ':cluster_1884382823_1884382824_775936191_w5_0', ':cluster_1884382823_1884382824_775936191_w1_0', ':cluster_1884382823_1884382824_775936191_w3_0', ':cluster_1884382823_1884382824_775936191_w0_0', '490176742#0_1', '465971494#1_2', '465971494#1_1', ':cluster_1884382823_1884382824_775936191_w4_0']","[38.0, 17.0, 23.0, 14.0, 17.0, 17.0, 12.0, 35.0, 12.0, 12.0, 17.0, 23.0, 14.0, 22.0]"
gneJ371,False,59,"['663675735_2', '663675735_1', '671471378_1', '671471378_2', '663675735_0', '-635712415_1', '-671471376_1', '671471378_3', '-635712415_0', '-671471376_2', '663675735_3']","[6.0, 6.0, 15.0, 15.0, 17.0, 6.0, 6.0, 5.0, 6.0, 6.0, 6.0]"
gneJ431,False,23,"[':gneJ431_w0_0', 'gneE726_1', 'gneE722_2', ':gneJ431_w2_0', 'gneE724_1', ':gneJ431_w3_0', ':gneJ431_w1_0', 'gneE722_1']","[6.0, 6.0, 7.0, 6.0, 6.0, 7.0, 7.0, 7.0]"
gneJ464,True,3600,"['460419026#0_1', '460419026#0_2', '-460419026#1_1', '-460419026#1_2']","[55.0, 55.0, 0, 55.0]"
